bibkey,keyword_key,keyword_level
gnassounou-kistler:2005,1:properties,1
gnassounou-kistler:2005,2:dispositions,2
gnassounou-kistler:2005a,1:properties,1
gnassounou-kistler:2005a,2:dispositions,2
gnassounou:2002,1:action,1
gnassounou:2002,2:action_formalisms,2
gnassounou:2002a,1:religion,1
gnassounou:2002a,2:theological_determinism,2
gnassounou:2005,1:properties,1
gnassounou:2005,2:dispositions,2
gnassounou:2007,1:action,1
gnassounou:2007a,1:modality,1
gnassounou:2007a,2:nature_of_modality,2
gnassounou:2007a,3:relative_modality,3
gnedenko-khinchin:1962,1:probability,1
gniazdowski:2006,1:political_philosophy,1
