id,author_key,given_name_latex,given_name_unicode,family_name_latex,family_name_unicode,mononym_latex,mononym_unicode,shorthand_latex,shorthand_unicode,famous_name_latex,famous_name_unicode,famous,name_variants_latex,name_variants_unicode
10,erhardt_j,Jonathan,Jonathan,Erhardt,Erhardt,,,,,,,false,,
34,ehinger_r,Rosmarie,Rosmarie,Ehinger,Ehinger,,,,,,,false,,
106,erlich_n,Nora,Nora,Erlich,Erlich,,,,,,,false,,
203,esfeld,Michael,Michael,Esfeld,Esfeld,,,,,,,false,,
222,emilio_m,Marco,Marco,Emilio,Emilio,,,,,,,false,,
289,egg_m,Matthias,Matthias,Egg,Egg,,,,,,,false,,
395,engisch_p,Patrik,Patrik,Engisch,Engisch,,,,,,,false,,
426,etienne_mc,Marie Chantal,Marie Chantal,Etienne,Etienne,,,,,,,false,,
533,elsasser_t,Thyra,Thyra,Elsasser,Elsasser,,,,,,,false,,
675,ebner_r,Richard,Richard,Ebner,Ebner,,,,,,,false,,
914,ertuerk,Muzaffer,Muzaffer,"Ert{\""u}rk",Ertürk,,,,,,,false,,
937,eymann_e,Edith,Edith,Eymann,Eymann,,,,,,,false,,
966,eugster_j,Johannes,Johannes,Eugster,Eugster,,,,,,,false,,
1466,ediger_m,Monika,Monika,Ediger,Ediger,,,,,,,false,,
1589,eckert_r,R.,R.,Eckert,Eckert,,,,,,,false,,
1828,exner_s,Steffen,Steffen,Exner,Exner,,,,,,,false,,
1871,elgreco_n,Nico,Nico,El Greco,El Greco,,,,,,,false,,
2057,elbau_h,Hans,Hans,Elbau,Elbau,,,,,,,false,,
2074,engel_kl,Klaus,Klaus,Engel,Engel,,,,,,,false,,
2094,eggelin_t,Tom,Tom,Eggelin,Eggelin,,,,,,,false,,
2123,eberhardt_b,Bernhard,Bernhard,Eberhardt,Eberhardt,,,,,,,false,,
4060,engel_p,Pascal,Pascal,Engel,Engel,,,,,,,false,,
4240,engel_k,Karsten,Karsten,Engel,Engel,,,,,,,false,,
21561,engels_em,Eve-Marie,Eve-Marie,Engels,Engels,,,,,,,false,,
22154,emamzadah_p,Parwana,Parwana,Emamzadah,Emamzadah,,,,,,,false,,
24872,elwakil_a,Alice,Alice,El-Wakil,El-Wakil,,,,,,,false,,
24876,edelhoff_a,Ana Laura,Ana Laura,Edelhoff,Edelhoff,,,,,,,false,,
25008,essig_l,Lisa,Lisa,Essig,Essig,,,,,,,false,,
25088,eichinger_t,Tobias,Tobias,Eichinger,Eichinger,,,,,,,false,,
25199,eggel_m,Matthias,Matthias,Eggel,Eggel,,,,,,,false,,
25200,eggert_n,Nadja,Nadja,Eggert,Eggert,,,,,,,false,,
25201,egli_mi,Michaela,Michaela,Egli,Egli,,,,,,,false,,
25202,ehrengruber_m,Max,Max,Ehrengruber,Ehrengruber,,,,,,,false,,
25203,elsen_s,Stephanie,Stephanie,Elsen,Elsen,,,,,,,false,,
25204,eniline,Alexandre,Alexandre,Eniline,Eniline,,,,,,,false,,
25205,erne_m,Markus,Markus,Erne,Erne,,,,,,,false,,
25206,ewers_sf,Simon Franz,Simon Franz,Ewers,Ewers,,,,,,,false,,
25217,engelen_em,Eva-Maria,Eva-Maria,Engelen,Engelen,,,,,,,false,,
25222,egger_s,Simone,Simone,Egger,Egger,,,,,,,false,,
25265,eschebach_e,Erika,Erika,Eschebach,Eschebach,,,,,,,false,,
25549,ehrenfeld_c,Coretta,Coretta,Ehrenfeld,Ehrenfeld,,,,,,,false,,
25631,eyssette_c,C{\'e}dric,Cédric,Eyssette,Eyssette,,,,,,,false,,
25633,essafi_r,Rim,Rim,Essafi,Essafi,,,,,,,false,,
25690,erni_f,Fabienne,Fabienne,Erni,Erni,,,,,,,false,,
25692,eugster_d,David,David,Eugster,Eugster,,,,,,,false,,
25763,efrati_b,Benjamin,Benjamin,Efrati,Efrati,,,,,,,false,,
25792,elkassar_n,Nadja,Nadja,El Kassar,El Kassar,,,,,,,false,,
25888,esser_hm,Hans Martin,Hans Martin,Esser,Esser,,,,,,,false,,
25910,eilenberger_w,Wolfram,Wolfram,Eilenberger,Eilenberger,,,,,,,false,,
26145,eberle_a,Anina,Anina,Eberle,Eberle,,,,,,,false,,
26146,erdoesi,Daniel,Daniel,"Erd{\""o}si",Erdösi,,,,,,,false,,
26147,eyer_p,Philipp,Philipp,Eyer,Eyer,,,,,,,false,,
26329,eyholzer_p,Petra,Petra,Eyholzer,Eyholzer,,,,,,,false,,
26371,emery_ga,Gaelle,Gaelle,Emery,Emery,,,,,,,false,,
26404,egli_s,Simon,Simon,Egli,Egli,,,,,,,false,,
26447,ebert_i,Isabel,Isabel,Ebert,Ebert,,,,,,,false,,
26501,etter_r,Regula,Regula,Etter,Etter,,,,,,,false,,
26535,esposito_c,Costantino,Costantino,Esposito,Esposito,,,,,,,false,,
26572,emery_ni,Nicola,Nicola,Emery,Emery,,,,,,,false,,
26640,emch_p,Philipp,Philipp,Emch,Emch,,,,,,,false,,
26864,ebersberger,Christian,Christian,Ebersberger,Ebersberger,,,,,,,false,,
26870,eiblschwaeger_c,Carla,Carla,Eibl-Schwaeger,Eibl-Schwaeger,,,,,,,false,,
26875,egger_c,C{\'e}dric,Cédric,Egger,Egger,,,,,,,false,,
26890,ebnoether,Christoph,Christoph,"Ebn{\""o}ther",Ebnöther,,,,,,,false,,
26973,eredenamse,"Ephrem-Lo{\""{\i}}c",Ephrem-Loïc,Eredenamse,Eredenamse,,,,,,,false,,
26987,ebneter,Federico,Federico,Ebneter,Ebneter,,,,,,,false,,
27014,egli_g,Gabriel,Gabriel,Egli,Egli,,,,,,,false,,
27124,ewald_k,Katja,Katja,Ewald,Ewald,,,,,,,false,,
27198,ebeling_l,Lutz,Lutz,Ebeling,Ebeling,,,,,,,false,,
27239,egli_ma,Martina,Martina,Egli,Egli,,,,,,,false,,
27350,ebert_pa,Philip A.,Philip A.,Ebert,Ebert,,,,,,,false,,
27393,elsner_r,Roswitha,Roswitha,Elsner,Elsner,,,,,,,false,,
27413,echeverri_s,Santiago,Santiago,Echeverri,Echeverri,,,,,,,false,,
27436,egli_si,Simone,Simone,Egli,Egli,,,,,,,false,,
27533,egeter_em,Edwin Markus,Edwin Markus,Egeter,Egeter,,,,,,,false,,
27534,ersan,Sina,Sina,Ersan,Ersan,,,,,,,false,,
27615,engeler,Erwin,Erwin,Engeler,Engeler,,,,,,,false,,
27616,erismann_ch,Christophe,Christophe,Erismann,Erismann,,,,,,,false,,
41972,eades,Peter,Peter,Eades,Eades,,,,,,,false,,
41973,eads_g,George,George,Eads,Eads,,,,,,,false,,
41974,eagan_jl,Jennifer L.,Jennifer L.,Eagan,Eagan,,,,,,,false,,
41975,eagan_sm,Sheena M.,Sheena M.,Eagan,Eagan,,,,,,,false,,
41976,eagle_a,Antony,Antony,Eagle,Eagle,,,,,,,false,,
41977,eagle_mn,Morris N.,Morris N.,Eagle,Eagle,,,,,,,false,,
41978,eaglestone,Robert,Robert,Eaglestone,Eaglestone,,,,,,,false,,
41979,eagleton_ma,Mary,Mary,Eagleton,Eagleton,,,,,,,false,,
41980,eagleton_t,Terry,Terry,Eagleton,Eagleton,,,,,,,false,,
41981,eagletonpierce,Matthew,Matthew,Eagleton-Pierce,Eagleton-Pierce,,,,,,,false,,
41982,eagly,Alice H.,Alice H.,Eagly,Eagly,,,,,,,false,,
41983,eaker,Erin L.,Erin L.,Eaker,Eaker,,,,,,,false,,
41984,eales,Jacqueline,Jacqueline,Eales,Eales,,,,,,,false,,
41985,eames_e,Elizabeth Ramsden,Elizabeth Ramsden,Eames,Eames,,,,,,,false,,
41986,eames_l,Lesley C.,Lesley C.,Eames,Eames,,,,,,,false,,
41987,eamon,William,William,Eamon,Eamon,,,,,,,false,,
41988,eardley_ps,Peter S.,Peter S.,Eardley,Eardley,,,,,,,false,,
41989,earl_d,Dennis,Dennis,Earl,Earl,,,,,,,false,,
41990,earl_h,Helena M.,Helena M.,Earl,Earl,,,,,,,false,,
41991,earl_j,Jake,Jake,Earl,Earl,,,,,,,false,,
41992,earl_pe,Peter E.,Peter E.,Earl,Earl,,,,,,,false,,
41993,earle,William James,William James,Earle,Earle,,,,,,,false,,
41994,earlenbaugh,Joshua,Joshua,Earlenbaugh,Earlenbaugh,,,,,,,false,,
41995,earley,"Jr., Joseph E.","Jr., Joseph E.",Earley,Earley,,,,,,,false,,
41996,earlofhalsburg,,,,,{The Earl of Halsburg},The Earl of Halsburg,,,,,false,,
41997,early,Gerald,Gerald,Early,Early,,,,,,,false,,
41998,earman_js,John S.,John S.,Earman,Earman,,,,,,,false,,
41999,earnshaw_e,Eugene,Eugene,Earnshaw,Earnshaw,,,,,,,false,,
42000,earnshaw_ra,R.A.,R.A.,Earnshaw,Earnshaw,,,,,,,false,,
42001,earp_bd,Brian D.,Brian D.,Earp,Earp,,,,,,,false,,
42002,easley_ja,"Jr., Jack A.","Jr., Jack A.",Easley,Easley,,,,,,,false,,
42003,easley_m,Matthew,Matthew,Easley,Easley,,,,,,,false,,
42004,eason,Robb E.,Robb E.,Eason,Eason,,,,,,,false,,
42005,east_mp,Martin P.,Martin P.,East,East,,,,,,,false,,
42006,easterday,Matt,Matt,Easterday,Easterday,,,,,,,false,,
42007,easthope,Anthony,Anthony,Easthope,Easthope,,,,,,,false,,
42008,eastion_p,Patricia,Patricia,Eastion,Eastion,,,,,,,false,,
42009,eastman_cm,Charles M.,Charles M.,Eastman,Eastman,,,,,,,false,,
42010,eastman_mf,Max Forrester,Max Forrester,Eastman,Eastman,,,,,,,false,,
42011,eastman_sg,Susan Grove,Susan Grove,Eastman,Eastman,,,,,,,false,,
42012,eastman_te,Timothy E.,Timothy E.,Eastman,Eastman,,,,,,,false,,
42013,easton_l,Loyd,Loyd,Easton,Easton,,,,,,,false,,
42014,easton_p,Patricia,Patricia,Easton,Easton,,,,,,,false,,
42015,eastwood_a,Arthur,Arthur,Eastwood,Eastwood,,,,,,,false,,
42016,eastwood_bs,Bruce S.,Bruce S.,Eastwood,Eastwood,,,,,,,false,,
42017,eastwood_ml,M.~Lightfoot,M. Lightfoot,Eastwood,Eastwood,,,,,,,false,,
42018,easwaran,Kenny,Kenny,Easwaran,Easwaran,,,,,,,false,,
42019,eaton_aw,Anne Wescott,Anne Wescott,Eaton,Eaton,,,,,,,false,,
42020,eaton_d,Daniel M.,Daniel M.,Eaton,Eaton,,,,,,,false,,
42021,eaton_ho,Howard O.,Howard O.,Eaton,Eaton,,,,,,,false,,
42022,eaton_mm,Marcia Muelder,Marcia Muelder,Eaton,Eaton,,,,,,,false,,
42023,eaton_ps,Peggy S.,Peggy S.,Eaton,Eaton,,,,,,,false,,
42024,eaton_rm,Ralph M.,Ralph M.,Eaton,Eaton,,,,,,,false,,
42025,eaton_w,William,William,Eaton,Eaton,,,,,,,false,,
42026,eatough,Virginia,Virginia,Eatough,Eatough,,,,,,,false,,
42027,eatwell,John,John,Eatwell,Eatwell,,,,,,,false,,
42028,eawlins,Kyle,Kyle,Eawlins,Eawlins,,,,,,,false,,
42029,ebach,Malte C.,Malte C.,Ebach,Ebach,,,,,,,false,,
42030,ebbersmeyer,Sabrina,Sabrina,Ebbersmeyer,Ebbersmeyer,,,,,,,false,,
42031,ebbesen,Sten,Sten,Ebbesen,Ebbesen,,,,,,,false,,
42032,ebbinghaus_hd,Hans Dieter,Hans Dieter,Ebbinghaus,Ebbinghaus,,,,,,,false,,
42033,ebbinghaus_j,Julius,Julius,Ebbinghaus,Ebbinghaus,,,,,,,false,,
42034,ebbs,Gary,Gary,Ebbs,Ebbs,,,,,,,false,,
42035,ebdon_m,Melanie,Melanie,Ebdon,Ebdon,,,,,,,false,,
42036,ebeling_cl,Carl L.,Carl L.,Ebeling,Ebeling,,,,,,,false,,
42037,ebeling_h,Hans,Hans,Ebeling,Ebeling,,,,,,,false,,
42038,ebelsduggan_k,Kyla,Kyla,Ebels-Duggan,Ebels-Duggan,,,,,,,false,,
42039,ebelsduggan_sc,Sean C.,Sean C.,Ebels-Duggan,Ebels-Duggan,,,,,,,false,,
42040,ebenreck,Sara,Sara,Ebenreck,Ebenreck,,,,,,,false,,
42041,eberhard_k,Kathleen M.,Kathleen M.,Eberhard,Eberhard,,,,,,,false,,
42042,eberhard_s,Sebastian,Sebastian,Eberhard,Eberhard,,,,,,,false,,
42043,eberhardt_f,Frederick,Frederick,Eberhardt,Eberhardt,,,,,,,false,,
42044,eberl,Jason T.,Jason T.,Eberl,Eberl,,,,,,,false,,
42045,eberle_c,Christopher J.,Christopher J.,Eberle,Eberle,,,,,,,false,,
42046,eberle_k,Kurt,Kurt,Eberle,Eberle,,,,,,,false,,
42047,eberle_r,Rolf,Rolf,Eberle,Eberle,,,,,,,false,,
42048,ebersole_fb,Frank B.,Frank B.,Ebersole,Ebersole,,,,,,,false,,
42049,ebersolt,Simon,Simon,Ebersolt,Ebersolt,,,,,,,false,,
42050,ebert_c,Cornelia,Cornelia,Ebert,Ebert,,,,,,,false,,
42051,ebert_t,Theodor,Theodor,Ebert,Ebert,,,,,,,false,,
42052,ebertz_rp,Roger P.,Roger P.,Ebertz,Ebertz,,,,,,,false,,
42053,ebke_t,Thomas,Thomas,Ebke,Ebke,,,,,,,false,,
42054,ebrey_d,David,David,Ebrey,Ebrey,,,,,,,false,,
42055,echarri,Jaime,Jaime,Echarri,Echarri,,,,,,,false,,
42056,echavarria_aa,Anavitarte Agust{\'{\i}}n,Anavitarte Agustín,Echavarr{\'{\i}}a,Echavarría,,,,,,,false,,
42057,echelarddumas,Marielle,Marielle,Echelard-Dumas,Echelard-Dumas,,,,,,,false,,
42058,echelbarger,Charles G.,Charles G.,Echelbarger,Echelbarger,,,,,,,false,,
42059,echeverri_m,Marcela,Marcela,Echeverri,Echeverri,,,,,,,false,,
42060,echeverria_ai,Alfonso Iommi,Alfonso Iommi,Echeverria,Echeverria,,,,,,,false,,
42061,echeverria_e,Eduardo J.,Eduardo J.,Echeverria,Echeverria,,,,,,,false,,
42062,echeverria_j,Javier,Javier,Echeverr{\'{\i}}a,Echeverría,,,,,,,false,,
42063,echols,Stephanie,Stephanie,Echols,Echols,,,,,,,false,,
42064,eck_d,David,David,Eck,Eck,,,,,,,false,,
42065,eckardt,Regine,Regine,Eckardt,Eckardt,,,,,,,false,,
42066,eckel_m,Malcom David,Malcom David,Eckel,Eckel,,,,,,,false,,
42067,eckenwiler,Lisa,Lisa,Eckenwiler,Eckenwiler,,,,,,,false,,
42068,eckersley_a,Andrea,Andrea,Eckersley,Eckersley,,,,,,,false,,
42069,eckersley_r,Robyn,Robyn,Eckersley,Eckersley,,,,,,,false,,
42070,eckert_m,Miriam,Miriam,Eckert,Eckert,,,,,,,false,,
42071,eckert_ma,Maureen,Maureen,Eckert,Eckert,,,,,,,false,,
42072,eckert_wp,Willehad Paul,Willehad Paul,Eckert,Eckert,,,,,,,false,,
42073,eckes,Magdalena,Magdalena,Eckes,Eckes,,,,,,,false,,
42074,eckhardt_w,William,William,Eckhardt,Eckhardt,,,,,,,false,,
42075,eckhart,,,,,{Ma{\^{\i}}tre Eckhart},Maître Eckhart,,,,,false,,
42076,eckhoff_t,Torstein,Torstein,Eckhoff,Eckhoff,,,,,,,false,,
42077,eckholt,Margit,Margit,Eckholt,Eckholt,,,,,,,false,,
42078,eckl,Andreas,Andreas,Eckl,Eckl,,,,,,,false,,
42079,eckle_hp,Hans-Peter,Hans-Peter,Eckle,Eckle,,,,,,,false,,
42080,eckman,Fred R.,Fred R.,Eckman,Eckman,,,,,,,false,,
42081,eckmann_b,Beno,Beno,Eckmann,Eckmann,,,,,,,false,,
42082,eckstein_b,Brigitte,Brigitte,Eckstein,Eckstein,,,,,,,false,,
42083,eckstein_f,Franz,Franz,Eckstein,Eckstein,,,,,,,false,,
42084,eco,Umberto,Umberto,Eco,Eco,,,,,,,false,,
42085,ecole,Jean,Jean,{\'E}cole,École,,,,,,,false,,
42086,economos_jj,Judith J.,Judith J.,Economos,Economos,,,,,,,false,,
42087,edalat,Abbas,Abbas,Edalat,Edalat,,,,,,,false,,
42088,eddington,Arthur Stanley,Arthur Stanley,Eddington,Eddington,,,,,,,false,,
42089,eddon,Maya,Maya,Eddon,Eddon,,,,,,,false,,
42090,eddy,Matthew D.,Matthew D.,Eddy,Eddy,,,,,,,false,,
42091,ede,Andrew,Andrew,Ede,Ede,,,,,,,false,,
42092,edel_a,Abraham,Abraham,Edel,Edel,,,,,,,false,,
42093,edel_s,Susanne,Susanne,Edel,Edel,,,,,,,false,,
42094,edelberg,Walter,Walter,Edelberg,Edelberg,,,,,,,false,,
42095,edelglass,William,William,Edelglass,Edelglass,,,,,,,false,,
42096,edelheit,Amos,Amos,Edelheit,Edelheit,,,,,,,false,,
42097,edeline,Francis,Francis,Edeline,Edeline,,,,,,,false,,
42098,edelkamp,Stefan,Stefan,Edelkamp,Edelkamp,,,,,,,false,,
42099,edelman_b,Bernard,Bernard,Edelman,Edelman,,,,,,,false,,
42100,edelman_gm,Gerald M.,Gerald M.,Edelman,Edelman,,,,,,,false,,
42101,edelman_j,John,John,Edelman,Edelman,,,,,,,false,,
42102,edelman_m,Meredith,Meredith,Edelman,Edelman,,,,,,,false,,
42103,edelman_p,Paul H.,Paul H.,Edelman,Edelman,,,,,,,false,,
42104,edelman_s,Shimon,Shimon,Edelman,Edelman,,,,,,,false,,
42105,edelstein_d,Dan,Dan,Edelstein,Edelstein,,,,,,,false,,
42106,edelstein_l,Ludwig,Ludwig,Edelstein,Edelstein,,,,,,,false,,
42107,edelstein_r,Roy,Roy,Edelstein,Edelstein,,,,,,,false,,
42108,eden_m,Murray,Murray,Eden,Eden,,,,,,,false,,
42109,edenberg,Elizabeth,Elizabeth,Edenberg,Edenberg,,,,,,,false,,
42110,edenhofer_o,Ottmar,Ottmar,Edenhofer,Edenhofer,,,,,,,false,,
42111,edensor_t,Tim,Tim,Edensor,Edensor,,,,,,,false,,
42112,eder_am,Anna-Maria Asunta,Anna-Maria Asunta,Eder,Eder,,,,,,,false,,
42113,eder_e,Elmar,Elmar,Eder,Eder,,,,,,,false,,
42114,eder_g,"G{\""u}nther",Günther,Eder,Eder,,,,,,,false,,
42115,edgar_a,Andrew,Andrew,Edgar,Edgar,,,,,,,false,,
42116,edgar_s,Scott,Scott,Edgar,Edgar,,,,,,,false,,
42117,edgar_wj,William J.,William J.,Edgar,Edgar,,,,,,,false,,
42118,edge,Sarah,Sarah,Edge,Edge,,,,,,,false,,
42119,edgeley,R.,R.,Edgeley,Edgeley,,,,,,,false,,
42120,edgell,Beatrice,Beatrice,Edgell,Edgell,,,,,,,false,,
42121,edgerton_dem,D.E.M.,D.E.M.,Edgerton,Edgerton,,,,,,,false,,
42122,edgerton_s,"Jr., Samuel Y.","Jr., Samuel Y.",Edgerton,Edgerton,,,,,,,false,,
42123,edgeworth,F.Y.,F.Y.,Edgeworth,Edgeworth,,,,,,,false,,
42124,edgington,Dorothy,Dorothy,Edgington,Edgington,,,,,,,false,,
42125,edgley,Roy,Roy,Edgley,Edgley,,,,,,,false,,
42126,edidin,Aron,Aron,Edidin,Edidin,,,,,,,false,,
42127,edie,James M.,James M.,Edie,Edie,,,,,,,false,,
42128,edis,T.,T.,Edis,Edis,,,,,,,false,,
42129,edison,J.,J.,Edison,Edison,,,,,,,false,,
42130,edlich_a,Alexander,Alexander,Edlich,Edlich,,,,,,,false,,
42131,edlow_rb,Robert Blair,Robert Blair,Edlow,Edlow,,,,,,,false,,
42132,edman_i,Irwin,Irwin,Edman,Edman,,,,,,,false,,
42133,edman_m,Martin,Martin,Edman,Edman,,,,,,,false,,
42134,edmonds_a,Anna,Anna,Edmonds,Edmonds,,,,,,,false,,
42135,edmonds_b,Bruce,Bruce,Edmonds,Edmonds,,,,,,,false,,
42136,edmonds_d,David,David,Edmonds,Edmonds,,,,,,,false,,
42137,edmonds_ds,"Jr., Dean S.","Jr., Dean S.",Edmonds,Edmonds,,,,,,,false,,
42138,edmonds_rg,Radcliffe G.,Radcliffe G.,Edmonds,Edmonds,,,,,,,false,,
42139,edmonson_ja,Jerold A.,Jerold A.,Edmonson,Edmonson,,,,,,,false,,
42140,edmonson_wj,Willis J.,Willis J.,Edmonson,Edmonson,,,,,,,false,,
42141,edmunds_l,Lowell,Lowell,Edmunds,Edmunds,,,,,,,false,,
42142,edmundson,William A.,William A.,Edmundson,Edmundson,,,,,,,false,,
42143,ednasuarez,D.,D.,Edna Suarez,Edna Suarez,,,,,,,false,,
42144,edvardssonbjoernberg,Karin,Karin,"Edvardsson Bj{\""o}rnberg",Edvardsson Björnberg,,,,,,,false,,
42145,edwards_awf,Anthony W.F.,Anthony W.F.,Edwards,Edwards,,,,,,,false,,
42146,edwards_bj,Brian J.,Brian J.,Edwards,Edwards,,,,,,,false,,
42147,edwards_c,Catharine,Catharine,Edwards,Edwards,,,,,,,false,,
42148,edwards_d,Derek,Derek,Edwards,Edwards,,,,,,,false,,
42149,edwards_da,David,David,Edwards,Edwards,,,,,,,false,,
42150,edwards_de,Denis,Denis,Edwards,Edwards,,,,,,,false,,
42151,edwards_do,Douglas,Douglas,Edwards,Edwards,,,,,,,false,,
42152,edwards_gf,G.~Fay,G. Fay,Edwards,Edwards,,,,,,,false,,
42153,edwards_h,Harold M.,Harold M.,Edwards,Edwards,,,,,,,false,,
42154,edwards_ies,I.E.S.,I.E.S.,Edwards,Edwards,,,,,,,false,,
42155,edwards_j,John,John,Edwards,Edwards,,,,,,,false,,
42156,edwards_jc,James C.,James C.,Edwards,Edwards,,,,,,,false,,
42157,edwards_je,Jeffrey,Jeffrey,Edwards,Edwards,,,,,,,false,,
42158,edwards_js,James S.~[Jim],James S. [Jim],Edwards,Edwards,,,,,,,false,,
42159,edwards_jo,Jonathan,Jonathan,Edwards,Edwards,,,,,,,false,,
42160,edwards_k,Kevan,Kevan,Edwards,Edwards,,,,,,,false,,
42161,edwards_kt,Kyle T.,Kyle T.,Edwards,Edwards,,,,,,,false,,
42162,edwards_m,Michael,Michael,Edwards,Edwards,,,,,,,false,,
42163,edwards_mj,Mark J.,Mark J.,Edwards,Edwards,,,,,,,false,,
42164,edwards_mu,"Jr., Mark U.","Jr., Mark U.",Edwards,Edwards,,,,,,,false,,
42165,edwards_p,Paul,Paul,Edwards,Edwards,,,,,,,false,,
42166,edwards_pa,Pamela,Pamela,Edwards,Edwards,,,,,,,false,,
42167,edwards_r,Robert,Robert,Edwards,Edwards,,,,,,,false,,
42168,edwards_rb,Rem B.,Rem B.,Edwards,Edwards,,,,,,,false,,
42169,edwards_s,Sandra,Sandra,Edwards,Edwards,,,,,,,false,,
42170,edwards_so,Sophie,Sophie,Edwards,Edwards,,,,,,,false,,
42171,edwards_st,Steve,Steve,Edwards,Edwards,,,,,,,false,,
42172,edwards_t,T.,T.,Edwards,Edwards,,,,,,,false,,
42173,edwards_w,Ward,Ward,Edwards,Edwards,,,,,,,false,,
42174,edwards_wr,William R.,William R.,Edwards,Edwards,,,,,,,false,,
42175,eells,Ellery,Ellery,Eells,Eells,,,,,,,false,,
42176,effertz,Dirk,Dirk,Effertz,Effertz,,,,,,,false,,
42177,effingham,Nikk,Nikk,Effingham,Effingham,,,,,,,false,,
42178,effler_r,Roy,Roy,Effler,Effler,,,,,,,false,,
42179,effros,Edward G.,Edward G.,Effros,Effros,,,,,,,false,,
42180,efird,David,David,Efird,Efird,,,,,,,false,,
42181,eflin,Juli,Juli,Eflin,Eflin,,,,,,,false,,
42182,efremova_n,Natascha,Natascha,Efremova,Efremova,,,,,,,false,,
42183,efron_a,A.,A.,Efron,Efron,,,,,,,false,,
42184,efron_r,Robert,Robert,Efron,Efron,,,,,,,false,,
42185,efstathiou,Sophia,Sophia,Efstathiou,Efstathiou,,,,,,,false,,
42186,efthymiadis,Stephanos,Stephanos,Efthymiadis,Efthymiadis,,,,,,,false,,
42187,egan_a,Andy,Andy,Egan,Egan,,,,,,,false,,
42188,egan_d,David,David,Egan,Egan,,,,,,,false,,
42190,egan_hd,Harvey D.,Harvey D.,Egan,Egan,,,,,,,false,,
42191,egan_mf,M.~Frances,M. Frances,Egan,Egan,,,,,,,false,,
42192,egeland,Jonathan,Jonathan,Egeland,Egeland,,,,,,,false,,
42193,egenberger,Stefan,Stefan,Egenberger,Egenberger,,,,,,,false,,
42194,eger,Martin,Martin,Eger,Eger,,,,,,,false,,
42195,egerton_f,Frazer,Frazer,Egerton,Egerton,,,,,,,false,,
42196,egerton_k,Karl,Karl,Egerton,Egerton,,,,,,,false,,
42197,egeth_h,Howard,Howard,Egeth,Egeth,,,,,,,false,,
42198,egg_ma,Markus,Markus,Egg,Egg,,,,,,,false,,
42199,egger_m,Mario,Mario,Egger,Egger,,,,,,,false,,
42200,egger_p,Paul,Paul,Egger,Egger,,,,,,,false,,
42201,eggerman,Richard W.,Richard W.,Eggerman,Eggerman,,,,,,,false,,
42202,eggers_d,Daniel,Daniel,Eggers,Eggers,,,,,,,false,,
42203,eggers_lc,Lan Conrado,Lan Conrado,Eggers,Eggers,,,,,,,false,,
42204,eggert_r,Randall,Randall,Eggert,Eggert,,,,,,,false,,
42205,egginton,William,William,Egginton,Egginton,,,,,,,false,,
42206,eggleston,Ben,Ben,Eggleston,Eggleston,,,,,,,false,,
42207,eggum_n,Natalie D.,Natalie D.,Eggum,Eggum,,,,,,,false,,
42208,egidi_m,Massimo,Massimo,Egidi,Egidi,,,,,,,false,,
42209,egidi_r,Rosaria,Rosaria,Egidi,Egidi,,,,,,,false,,
42210,egler_b,Benjamin,Benjamin,Egler,Egler,,,,,,,false,,
42211,egler_m,Miguel,Miguel,Egler,Egler,,,,,,,false,,
42212,egli_ur,Urs,Urs,Egli,Egli,,,,,,,false,,
42213,egli_uw,Uwe,Uwe,Egli,Egli,,,,,,,false,,
42214,egloff_l,Lisa,Lisa,Egloff,Egloff,,,,,,,false,,
42215,egly_u,Uwe,Uwe,Egly,Egly,,,,,,,false,,
42216,egner_h,Heike,Heike,Egner,Egner,,,,,,,false,,
42217,egner_t,Tobias,Tobias,Egner,Egner,,,,,,,false,,
42218,egonsson,Dan,Dan,Egonsson,Egonsson,,,,,,,false,,
42219,egoumenides,Magda,Magda,Egoumenides,Egoumenides,,,,,,,false,,
42220,egre,Paul,Paul,Egr{\'e},Egré,,,,,,,false,,
42221,ehlen_p,Patrick,Patrick,Ehlen,Ehlen,,,,,,,false,,
42222,ehlers_j,"J{\""u}rgen",Jürgen,Ehlers,Ehlers,,,,,,,false,,
42223,ehlers_n,Nadine,Nadine,Ehlers,Ehlers,,,,,,,false,,
42224,ehli,Bridger,Bridger,Ehli,Ehli,,,,,,,false,,
42225,ehmer,Walter,Walter,Ehmer,Ehmer,,,,,,,false,,
42226,ehnes,Caley,Caley,Ehnes,Ehnes,,,,,,,false,,
42227,ehrenberg,Kenneth M.,Kenneth M.,Ehrenberg,Ehrenberg,,,,,,,false,,
42228,ehrenfeucht,Andrzej,Andrzej,Ehrenfeucht,Ehrenfeucht,,,,,,,false,,
42229,ehrenpreis_l,Leon,Leon,Ehrenpreis,Ehrenpreis,,,,,,,false,,
42230,ehrenstein_k,Kolja,Kolja,Ehrenstein,Ehrenstein,,,,,,,false,,
42231,ehrenzweig_a,Albert A.,Albert A.,Ehrenzweig,Ehrenzweig,,,,,,,false,,
42232,ehresmann,Andr{\'e}e,Andrée,Ehresmann,Ehresmann,,,,,,,false,,
42233,ehret_c,Charles,Charles,Ehret,Ehret,,,,,,,false,,
42234,ehrgott,Matthias,Matthias,Ehrgott,Ehrgott,,,,,,,false,,
42235,ehrhardt_t,Thomas,Thomas,Ehrhardt,Ehrhardt,,,,,,,false,,
42236,ehrhardt_we,Walter E.,Walter E.,Ehrhardt,Ehrhardt,,,,,,,false,,
42237,ehrich_v,Veronika,Veronika,Ehrich,Ehrich,,,,,,,false,,
42238,ehrig,Hartmut,Hartmut,Ehrig,Ehrig,,,,,,,false,,
42239,ehring,Douglas,Douglas,Ehring,Ehring,,,,,,,false,,
42240,ehrlich_d,Dror,Dror,Ehrlich,Ehrlich,,,,,,,false,,
42241,ehrlich_e,Eugene,Eugene,Ehrlich,Ehrlich,,,,,,,false,,
42242,ehrlich_i,Isaac,Isaac,Ehrlich,Ehrlich,,,,,,,false,,
42243,ehrlich_p,Philip,Philip,Ehrlich,Ehrlich,,,,,,,false,,
42244,ehrman_m,Madeline,Madeline,Ehrman,Ehrman,,,,,,,false,,
42245,ehrman_t,Terrence,Terrence,Ehrman,Ehrman,,,,,,,false,,
42246,ehrmann_w,Wibke,Wibke,Ehrmann,Ehrmann,,,,,,,false,,
42247,ehrsam_r,"Rapha{\""e}l",Raphaël,Ehrsam,Ehrsam,,,,,,,false,,
42248,eibauer_j,"J{\""o}rg",Jörg,Eibauer,Eibauer,,,,,,,false,,
42249,eich_e,Eric,Eric,Eich,Eich,,,,,,,false,,
42250,eich_s,Stefan,Stefan,Eich,Eich,,,,,,,false,,
42251,eichberger,Tassilo,Tassilo,Eichberger,Eichberger,,,,,,,false,,
42252,eichenberger,Reiner,Reiner,Eichenberger,Eichenberger,,,,,,,false,,
42253,eichengreen,Barry,Barry,Eichengreen,Eichengreen,,,,,,,false,,
42254,eichenhofer_j,Johannes,Johannes,Eichenhofer,Eichenhofer,,,,,,,false,,
42255,eichhorn_re,Roger E.,Roger E.,Eichhorn,Eichhorn,,,,,,,false,,
42256,eichhorn_w,Wolfgang,Wolfgang,Eichhorn,Eichhorn,,,,,,,false,,
42257,eichner_h,Heidrun,Heidrun,Eichner,Eichner,,,,,,,false,,
42258,eichner_k,Klaus,Klaus,Eichner,Eichner,,,,,,,false,,
42259,eichorn,Roger E.,Roger E.,Eichorn,Eichorn,,,,,,,false,,
42260,eickelman_df,Dale F.,Dale F.,Eickelman,Eickelman,,,,,,,false,,
42261,eickers,Gen,Gen,Eickers,Eickers,,,,,,,false,,
42262,eickhoff_sb,Simon B.,Simon B.,Eickhoff,Eickhoff,,,,,,,false,,
42263,eickmann_b,Bernd,Bernd,Eickmann,Eickmann,,,,,,,false,,
42264,eid_m,Michael,Michael,Eid,Eid,,,,,,,false,,
42265,eidam_h,Heinz,Heinz,Eidam,Eidam,,,,,,,false,,
42266,eidelson,Benjamin,Benjamin,Eidelson,Eidelson,,,,,,,false,,
42267,eidinow_e,Esther,Esther,Eidinow,Eidinow,,,,,,,false,,
42268,eidlin_b,Barry,Barry,Eidlin,Eidlin,,,,,,,false,,
42269,eidlin_f,Fred,Fred,Eidlin,Eidlin,,,,,,,false,,
42270,eifler,Stefani,Stefani,Eifler,Eifler,,,,,,,false,,
42271,eifrig,Bernd,Bernd,Eifrig,Eifrig,,,,,,,false,,
42272,eigen,Manfred,Manfred,Eigen,Eigen,,,,,,,false,,
42273,eigenhofer,Max J.,Max J.,Eigenhofer,Eigenhofer,,,,,,,false,,
42274,eigi,Jaana,Jaana,Eigi,Eigi,,,,,,,false,,
42275,eigler_u,Ulrich,Ulrich,Eigler,Eigler,,,,,,,false,,
42276,eikmeyer,"Hans-J{\""u}rgen",Hans-Jürgen,Eikmeyer,Eikmeyer,,,,,,,false,,
42277,eilan,Naomi,Naomi,Eilan,Eilan,,,,,,,false,,
42278,eilstein,Helena,Helena,Eilstein,Eilstein,,,,,,,false,,
42279,einheuser,Iris,Iris,Einheuser,Einheuser,,,,,,,false,,
42280,einolf,Christopher J.,Christopher J.,Einolf,Einolf,,,,,,,false,,
42281,einstein,Albert,Albert,Einstein,Einstein,,,,,,,false,,
42282,eintalu,"J{\""u}ri",Jüri,Eintalu,Eintalu,,,,,,,false,,
42283,eiriksdottirhull,Johanna Th.,Johanna Th.,Eiriksdottir Hull,Eiriksdottir Hull,,,,,,,false,,
42284,eiroaorosa,Francisco Jose,Francisco Jose,Eiroa-Orosa,Eiroa-Orosa,,,,,,,false,,
42285,eisenach,Eldon,Eldon,Eisenach,Eisenach,,,,,,,false,,
42286,eisenbart_b,Boris,Boris,Eisenbart,Eisenbart,,,,,,,false,,
42287,eisenbart_c,Constanze,Constanze,Eisenbart,Eisenbart,,,,,,,false,,
42288,eisenberg_iw,Ian W.,Ian W.,Eisenberg,Eisenberg,,,,,,,false,,
42289,eisenberg_ja,J.A.,J.A.,Eisenberg,Eisenberg,,,,,,,false,,
42290,eisenberg_li,Leonard Irwin,Leonard Irwin,Eisenberg,Eisenberg,,,,,,,false,,
42291,eisenberg_ma,Melvin A.,Melvin A.,Eisenberg,Eisenberg,,,,,,,false,,
42292,eisenberg_mi,Michael,Michael,Eisenberg,Eisenberg,,,,,,,false,,
42293,eisenberg_n,Nancy,Nancy,Eisenberg,Eisenberg,,,,,,,false,,
42294,eisenberg_pd,Paul D.,Paul D.,Eisenberg,Eisenberg,,,,,,,false,,
42295,eisenberg_t,Theodore,Theodore,Eisenberg,Eisenberg,,,,,,,false,,
42296,eisenberger_n,Naomi I.,Naomi I.,Eisenberger,Eisenberger,,,,,,,false,,
42297,eisenbichler,Konrad,Konrad,Eisenbichler,Eisenbichler,,,,,,,false,,
42298,eisenbud_d,David,David,Eisenbud,Eisenbud,,,,,,,false,,
42299,eisenbud_j,J.,J.,Eisenbud,Eisenbud,,,,,,,false,,
42300,eisenhardt,Peter,Peter,Eisenhardt,Eisenhardt,,,,,,,false,,
42301,eisenhart_k,K.,K.,Eisenhart,Eisenhart,,,,,,,false,,
42302,eisenhart_lp,Luther Pfahler,Luther Pfahler,Eisenhart,Eisenhart,,,,,,,false,,
42303,eisenstadt_o,Oona,Oona,Eisenstadt,Eisenstadt,,,,,,,false,,
42304,eisenstadt_sa,Stuart A.,Stuart A.,Eisenstadt,Eisenstadt,,,,,,,false,,
42305,eisenstaedt,Jean,Jean,Eisenstaedt,Eisenstaedt,,,,,,,false,,
42306,eiser,J.~Richard,J. Richard,Eiser,Eiser,,,,,,,false,,
42307,eisgruber,Christopher L.,Christopher L.,Eisgruber,Eisgruber,,,,,,,false,,
42308,eisikovits_n,Nir,Nir,Eisikovits,Eisikovits,,,,,,,false,,
42309,eisinger,Norbert,Norbert,Eisinger,Eisinger,,,,,,,false,,
42310,eisler_h,H.,H.,Eisler,Eisler,,,,,,,false,,
42311,eisler_r,Rudolf,Rudolf,Eisler,Eisler,,,,,,,false,,
42312,eisner_j,Jason,Jason,Eisner,Eisner,,,,,,,false,,
42313,eisner_r,Robert,Robert,Eisner,Eisner,,,,,,,false,,
42314,eissa_tl,Tina-Louise,Tina-Louise,Eissa,Eissa,,,,,,,false,,
42315,eiter,Thomas,Thomas,Eiter,Eiter,,,,,,,false,,
42316,ejerhed,Eva,Eva,Ejerhed,Ejerhed,,,,,,,false,,
42317,ejova,Anastasia,Anastasia,Ejova,Ejova,,,,,,,false,,
42318,ekanola,Adebola B.,Adebola B.,Ekanola,Ekanola,,,,,,,false,,
42319,ekbia,Hamid R.,Hamid R.,Ekbia,Ekbia,,,,,,,false,,
42320,ekeh,Ono Paul,Ono Paul,Ekeh,Ekeh,,,,,,,false,,
42321,ekeland_a,Anders,Anders,Ekeland,Ekeland,,,,,,,false,,
42322,ekeland_i,Ivar,Ivar,Ekeland,Ekeland,,,,,,,false,,
42323,ekeli_ks,Kristian Skagen,Kristian Skagen,Ekeli,Ekeli,,,,,,,false,,
42324,ekeloef,Per Olof,Per Olof,"Ekel{\""o}f",Ekelöf,,,,,,,false,,
42325,ekenberg_t,Tomas,Tomas,Ekenberg,Ekenberg,,,,,,,false,,
42326,ekholm_k,Karin,Karin,Ekholm,Ekholm,,,,,,,false,,
42327,eklof,Paul C.,Paul C.,Eklof,Eklof,,,,,,,false,,
42328,eklund_dj,Dan-Johan,Dan-Johan,Eklund,Eklund,,,,,,,false,,
42329,eklund_m,Matti,Matti,Eklund,Eklund,,,,,,,false,,
42330,eklund_pe,Peter,Peter,Eklund,Eklund,,,,,,,false,,
42331,eklund_r,Robert,Robert,Eklund,Eklund,,,,,,,false,,
42332,ekman_pa,Paul,Paul,Ekman,Ekman,,,,,,,false,,
42333,ekroll,Vebj{\o}rn,Vebjørn,Ekroll,Ekroll,,,,,,,false,,
42334,eksner,H.~Julia,H. Julia,Eksner,Eksner,,,,,,,false,,
42335,ekstein_h,Hans,Hans,Ekstein,Ekstein,,,,,,,false,,
42336,ekstein_r,Rudolf,Rudolf,Ekstein,Ekstein,,,,,,,false,,
42337,ekstrom,Laura Waddell,Laura Waddell,Ekstrom,Ekstrom,,,,,,,false,,
42338,elamine,Loubna,Loubna,El Amine,El Amine,,,,,,,false,,
42339,elamranijamal,A.,A.,Elamrani-Jamal,Elamrani-Jamal,,,,,,,false,,
42340,elassady,Mennatallah,Mennatallah,El-Assady,El-Assady,,,,,,,false,,
42341,elazar_m,Michael,Michael,Elazar,Elazar,,,,,,,false,,
42342,elazar_y,Yiftah,Yiftah,Elazar,Elazar,,,,,,,false,,
42343,elberdorozko,Lotem,Lotem,Elber-Dorozko,Elber-Dorozko,,,,,,,false,,
42344,elberfeld_r,Rolf,Rolf,Elberfeld,Elberfeld,,,,,,,false,,
42345,elbert_fj,F.J.,F.J.,Elbert,Elbert,,,,,,,false,,
42346,elbez,C.,C.,El-Bez,El-Bez,,,,,,,false,,
42347,elbeze,Marc,Marc,El-B{\`e}ze,El-Bèze,,,,,,,false,,
42348,elbizri,Nader,Nader,El-Bizri,El-Bizri,,,,,,,false,,
42349,elbl,Birgit,Birgit,Elbl,Elbl,,,,,,,false,,
42350,elbourne,Paul,Paul,Elbourne,Elbourne,,,,,,,false,,
42351,elby,Andrew,Andrew,Elby,Elby,,,,,,,false,,
42352,elcock,Edward Wray,Edward Wray,Elcock,Elcock,,,,,,,false,,
42353,elden_s,Stuart,Stuart,Elden,Elden,,,,,,,false,,
42354,elder_c,Crawford L.,Crawford L.,Elder,Elder,,,,,,,false,,
42355,elder_er,E.~Rozanne,E. Rozanne,Elder,Elder,,,,,,,false,,
42356,elder_m,Max,Max,Elder,Elder,,,,,,,false,,
42357,elders_l,Leo J.,Leo J.,Elders,Elders,,,,,,,false,,
42358,eldervass,Dave,Dave,Elder-Vass,Elder-Vass,,,,,,,false,,
42359,eldredge_l,Laurence,Laurence,Eldredge,Eldredge,,,,,,,false,,
42360,eldredge_n,Niles,Niles,Eldredge,Eldredge,,,,,,,false,,
42361,eldridge_hv,Hannah Vandegrift,Hannah Vandegrift,Eldridge,Eldridge,,,,,,,false,,
42362,eldridge_m,Michael,Michael,Eldridge,Eldridge,,,,,,,false,,
42363,eldridge_r,Richard,Richard,Eldridge,Eldridge,,,,,,,false,,
42364,eldridge_sv,Sarah V.,Sarah V.,Eldridge,Eldridge,,,,,,,false,,
42365,eldridgesmith_p,Peter,Peter,Eldridge-Smith,Eldridge-Smith,,,,,,,false,,
42366,eldridgesmith_v,Veronique,Veronique,Eldridge-Smith,Eldridge-Smith,,,,,,,false,,
42367,eleb,Danielle,Danielle,Eleb,Eleb,,,,,,,false,,
42368,eleftheriadis,A.,A.,Eleftheriadis,Eleftheriadis,,,,,,,false,,
42369,elehwany_af,Ahmed Fouad,Ahmed Fouad,El-Ehwany,El-Ehwany,,,,,,,false,,
42370,elert_w,Wolfgang,Wolfgang,Elert,Elert,,,,,,,false,,
42371,elevitch,Bernhard,Bernhard,Elevitch,Elevitch,,,,,,,false,,
42372,eley_l,Lothar,Lothar,Eley,Eley,,,,,,,false,,
42373,elford_g,Gideon,Gideon,Elford,Elford,,,,,,,false,,
42374,elford_j,J.,J.,Elford,Elford,,,,,,,false,,
42375,elford_rj,R.~John,R. John,Elford,Elford,,,,,,,false,,
42376,elfstrom_g,Gerard,Gerard,Elfstrom,Elfstrom,,,,,,,false,,
42377,elga,Adam Newman,Adam Newman,Elga,Elga,,,,,,,false,,
42378,elgardo,Reinaldo,Reinaldo,Elgardo,Elgardo,,,,,,,false,,
42379,elgat,Guy,Guy,Elgat,Elgat,,,,,,,false,,
42380,elgesem,Dag,Dag,Elgesem,Elgesem,,,,,,,false,,
42381,elgin_cz,Catherine Z.,Catherine Z.,Elgin,Elgin,,,,,,,false,,
42383,elgin_m,Mehmet,Mehmet,Elgin,Elgin,,,,,,,false,,
42384,elgood,A.G.,A.G.,Elgood,Elgood,,,,,,,false,,
42385,elgotdrapkin,Jennifer,Jennifer,Elgot-Drapkin,Elgot-Drapkin,,,,,,,false,,
42386,elgrablyberzin,Gabriella,Gabriella,Elgrably-Berzin,Elgrably-Berzin,,,,,,,false,,
42387,elgueta,Raimon,Raimon,Elgueta,Elgueta,,,,,,,false,,
42388,elhadad,Michael,Michael,Elhadad,Elhadad,,,,,,,false,,
42389,elhani,Charbel Ni{\~n}o,Charbel Niño,El-Hani,El-Hani,,,,,,,false,,
42390,elhosnimohamed,Choulli,Choulli,El Hosni Mohamed,El Hosni Mohamed,,,,,,,false,,
42391,elia_s,S{\'{\i}}lvio,Sílvio,Elia,Elia,,,,,,,false,,
42392,eliade,Mircea,Mircea,Eliade,Eliade,,,,,,,false,,
42393,elias_f,Friederike,Friederike,Elias,Elias,,,,,,,false,,
42394,elias_ja,Julius A.,Julius A.,Elias,Elias,,,,,,,false,,
42395,elias_s,Sean,Sean,Elias,Elias,,,,,,,false,,
42396,eliasmith,Chris,Chris,Eliasmith,Eliasmith,,,,,,,false,,
42397,eliasson,Erik,Erik,Eliasson,Eliasson,,,,,,,false,,
42398,eliavfeldon,Miriam,Miriam,Eliav-Feldon,Eliav-Feldon,,,,,,,false,,
42399,elie_h,H.,H.,Elie,Elie,,,,,,,false,,
42400,elie_m,Maurice,Maurice,{\'E}lie,Élie,,,,,,,false,,
42401,elieser,Adam,Adam,Elieser,Elieser,,,,,,,false,,
42402,elio,Ren{\'e}e,Renée,Elio,Elio,,,,,,,false,,
42403,eliot_ch,Christopher H.,Christopher H.,Eliot,Eliot,,,,,,,false,,
42404,eliot_ts,T.S.,T.S.,Eliot,Eliot,,,,,,,false,,
42405,elisabethofbohemia,,,,,{Princess Elisabeth of Bohemia},Princess Elisabeth of Bohemia,,,,,false,,
42406,elissade,Yvan,Yvan,{\'E}lissade,Élissade,,,,,,,false,,
42407,elisseff,Andr{\'e},André,Elisseff,Elisseff,,,,,,,false,,
42408,elithorn,Alick,Alick,Elithorn,Elithorn,,,,,,,false,,
42409,elitzur,Avshalom C.,Avshalom C.,Elitzur,Elitzur,,,,,,,false,,
42410,elizondo_d,D.,D.,Elizondo,Elizondo,,,,,,,false,,
42411,elizondo_es,E.~Sonny,E. Sonny,Elizondo,Elizondo,,,,,,,false,,
42412,elkaisyfriemuth,Maha,Maha,Elkaisy-Friemuth,Elkaisy-Friemuth,,,,,,,false,,
42413,elkan,Charles P.,Charles P.,Elkan,Elkan,,,,,,,false,,
42414,elkana,Yehuda,Yehuda,Elkana,Elkana,,,,,,,false,,
42415,elkholy,Sharin N.,Sharin N.,Elkholy,Elkholy,,,,,,,false,,
42416,elkin_h,Henry,Henry,Elkin,Elkin,,,,,,,false,,
42417,elkin_l,Lee,Lee,Elkin,Elkin,,,,,,,false,,
42418,elkin_sl,Stephen L.,Stephen L.,Elkin,Elkin,,,,,,,false,,
42419,elkind_ldc,Landon D.C.,Landon D.C.,Elkind,Elkind,,,,,,,false,,
42420,elkins_j,James,James,Elkins,Elkins,,,,,,,false,,
42421,elkins_k,Katherine,Katherine,Elkins,Elkins,,,,,,,false,,
42422,elle_j,Johanna,Johanna,Elle,Elle,,,,,,,false,,
42423,elleby,Peter,Peter,Elleby,Elleby,,,,,,,false,,
42424,ellemers,Naomi,Naomi,Ellemers,Ellemers,,,,,,,false,,
42425,ellenberg_j,Jordan,Jordan,Ellenberg,Ellenberg,,,,,,,false,,
42426,ellenbogen,Baila,Baila,Ellenbogen,Ellenbogen,,,,,,,false,,
42427,ellenzweig_s,Sarah,Sarah,Ellenzweig,Ellenzweig,,,,,,,false,,
42428,eller,Hugh,Hugh,Eller,Eller,,,,,,,false,,
42429,ellerman,David,David,Ellerman,Ellerman,,,,,,,false,,
42430,ellin,Joseph,Joseph,Ellin,Ellin,,,,,,,false,,
42431,ellingsen_dm,Dan-Mikael,Dan-Mikael,Ellingsen,Ellingsen,,,,,,,false,,
42432,elliot_c,Clark,Clark,Elliot,Elliot,,,,,,,false,,
42433,elliot_r,Robert,Robert,Elliot,Elliot,,,,,,,false,,
42434,elliott_a,Anthony,Anthony,Elliott,Elliott,,,,,,,false,,
42435,elliott_ap,Aaron P.,Aaron P.,Elliott,Elliott,,,,,,,false,,
42436,elliott_b,Brian,Brian,Elliott,Elliott,,,,,,,false,,
42437,elliott_c,Carl,Carl,Elliott,Elliott,,,,,,,false,,
42438,elliott_da,David,David,Elliott,Elliott,,,,,,,false,,
42439,elliott_de,Deni,Deni,Elliott,Elliott,,,,,,,false,,
42440,elliott_dy,Dyan,Dyan,Elliott,Elliott,,,,,,,false,,
42441,elliott_e,Edward,Edward,Elliott,Elliott,,,,,,,false,,
42442,elliott_g,Gregory,Gregory,Elliott,Elliott,,,,,,,false,,
42443,elliott_go,Gordon L.,Gordon L.,Elliott,Elliott,,,,,,,false,,
42444,elliott_j,John,John,Elliott,Elliott,,,,,,,false,,
42445,elliott_jr,Jay R.,Jay R.,Elliott,Elliott,,,,,,,false,,
42446,elliott_k,Katrina,Katrina,Elliott,Elliott,,,,,,,false,,
42447,elliott_kc,Kevin C.,Kevin C.,Elliott,Elliott,,,,,,,false,,
42448,elliott_ma,Mark A.,Mark A.,Elliott,Elliott,,,,,,,false,,
42449,elliott_mw,Mark W.,Mark W.,Elliott,Elliott,,,,,,,false,,
42450,elliott_p,Paul,Paul,Elliott,Elliott,,,,,,,false,,
42451,elliott_r,Rebecca,Rebecca,Elliott,Elliott,,,,,,,false,,
42452,elliott_rk,R.K.,R.K.,Elliott,Elliott,,,,,,,false,,
42453,elliott_st,Steven,Steven,Elliott,Elliott,,,,,,,false,,
42454,elliottgraves,Alkistis,Alkistis,Elliott-Graves,Elliott-Graves,,,,,,,false,,
42455,ellis_a,Anthony,Anthony,Ellis,Ellis,,,,,,,false,,
42456,ellis_ad,Addison,Addison,Ellis,Ellis,,,,,,,false,,
42457,ellis_aj,A.J.,A.J.,Ellis,Ellis,,,,,,,false,,
42458,ellis_al,Albert,Albert,Ellis,Ellis,,,,,,,false,,
42459,ellis_b,Brian,Brian,Ellis,Ellis,,,,,,,false,,
42460,ellis_c,Charlie,Charlie,Ellis,Ellis,,,,,,,false,,
42461,ellis_ca,Cameron,Cameron,Ellis,Ellis,,,,,,,false,,
42462,ellis_da,Daniel,Daniel,Ellis,Ellis,,,,,,,false,,
42463,ellis_dg,Donald G.,Donald G.,Ellis,Ellis,,,,,,,false,,
42464,ellis_e,Elisabeth,Elisabeth,Ellis,Ellis,,,,,,,false,,
42465,ellis_f,Fiona,Fiona,Ellis,Ellis,,,,,,,false,,
42466,ellis_gfr,George F.R.,George F.R.,Ellis,Ellis,,,,,,,false,,
42467,ellis_h,Heather,Heather,Ellis,Ellis,,,,,,,false,,
42468,ellis_hd,Hadyn D.,Hadyn D.,Ellis,Ellis,,,,,,,false,,
42469,ellis_j,Jonathan,Jonathan,Ellis,Ellis,,,,,,,false,,
42470,ellis_jc,Henry C.,Henry C.,Ellis,Ellis,,,,,,,false,,
42471,ellis_jm,John M.,John M.,Ellis,Ellis,,,,,,,false,,
42472,ellis_r,Rod,Rod,Ellis,Ellis,,,,,,,false,,
42473,ellis_rd,Ralph D.,Ralph D.,Ellis,Ellis,,,,,,,false,,
42474,ellis_rj,Richard J.,Richard J.,Ellis,Ellis,,,,,,,false,,
42475,ellis_rr,Robert R.,Robert R.,Ellis,Ellis,,,,,,,false,,
42476,ellis_sj,Sonja J.,Sonja J.,Ellis,Ellis,,,,,,,false,,
42477,ellis_sr,Stephen R.,Stephen R.,Ellis,Ellis,,,,,,,false,,
42478,ellis_w,Warren,Warren,Ellis,Ellis,,,,,,,false,,
42479,ellison_j,James,James,Ellison,Ellison,,,,,,,false,,
42480,ellison_m,Michael,Michael,Ellison,Ellison,,,,,,,false,,
42481,ellison_tm,T.~Mark,T. Mark,Ellison,Ellison,,,,,,,false,,
42482,elliston,Frederick A.,Frederick A.,Elliston,Elliston,,,,,,,false,,
42483,ellrod,Rick,Rick,Ellrod,Ellrod,,,,,,,false,,
42484,ellsberg,Daniel,Daniel,Ellsberg,Ellsberg,,,,,,,false,,
42485,ellsiepen,Christof,Christof,Ellsiepen,Ellsiepen,,,,,,,false,,
42486,ellsworth_j,Jonathan,Jonathan,Ellsworth,Ellsworth,,,,,,,false,,
42487,ellsworth_l,Leon,Leon,Ellsworth,Ellsworth,,,,,,,false,,
42488,ellsworth_pb,Phoebe C.,Phoebe C.,Ellsworth,Ellsworth,,,,,,,false,,
42489,ellul,Jacques,Jacques,Ellul,Ellul,,,,,,,false,,
42490,elm_r,Ralf,Ralf,Elm,Elm,,,,,,,false,,
42491,elman_ba,Benjamin A.,Benjamin A.,Elman,Elman,,,,,,,false,,
42492,elman_jl,Jeffrey L.,Jeffrey L.,Elman,Elman,,,,,,,false,,
42493,elman_y,Yaakov,Yaakov,Elman,Elman,,,,,,,false,,
42494,elmenouar,Yasemin,Yasemin,El-Menouar,El-Menouar,,,,,,,false,,
42495,elmi,Mohammad Ali,Mohammad Ali,Elmi,Elmi,,,,,,,false,,
42496,elmir,Fran{\c{c}}ois,François,Elmir,Elmir,,,,,,,false,,
42497,elmurr,Dimitri,Dimitri,El Murr,El Murr,,,,,,,false,,
42498,eloff_a,Aragorn,Aragorn,Eloff,Eloff,,,,,,,false,,
42499,elomari_r,Racha,Racha,el Omari,el Omari,,,,,,,false,,
42500,eloseguiitxaso,Maria,Maria,Elosegui Itxaso,Elosegui Itxaso,,,,,,,false,,
42501,elpidorou,Andreas,Andreas,Elpidorou,Elpidorou,,,,,,,false,,
42502,elqayam,Shira,Shira,Elqayam,Elqayam,,,,,,,false,,
42503,elrouayheb,Khaled,Khaled,El-Rouayheb,El-Rouayheb,,,,,,,false,,
42504,elsaesser_m,Michael,Michael,"Els{\""a}sser",Elsässer,,,,,,,false,,
42505,elsaesser_t,Thomas,Thomas,Elsaesser,Elsaesser,,,,,,,false,,
42506,elsamahi,Mohamed,Mohamed,Elsamahi,Elsamahi,,,,,,,false,,
42507,elsayed_en,E.N.,E.N.,El-Sayed,El-Sayed,,,,,,,false,,
42508,elsayed_h,Hanan,Hanan,Elsayed,Elsayed,,,,,,,false,,
42509,elsberry_w,Wesley,Wesley,Elsberry,Elsberry,,,,,,,false,,
42510,elsby,Charlene,Charlene,Elsby,Elsby,,,,,,,false,,
42511,else,Gerald F.,Gerald F.,Else,Else,,,,,,,false,,
42512,elsenhans,Theodor,Theodor,Elsenhans,Elsenhans,,,,,,,false,,
42513,elsequest,Nicole M.,Nicole M.,Else-Quest,Else-Quest,,,,,,,false,,
42514,elshamsy,Ahmed,Ahmed,El Shamsy,El Shamsy,,,,,,,false,,
42515,elshtain,Jean Bethke,Jean Bethke,Elshtain,Elshtain,,,,,,,false,,
42516,elskaf,Rawad,Rawad,El Skaf,El Skaf,,,,,,,false,,
42517,elskens_y,Yves,Yves,Elskens,Elskens,,,,,,,false,,
42518,elson,Luke,Luke,Elson,Elson,,,,,,,false,,
42519,elstein_dy,Daniel Y.,Daniel Y.,Elstein,Elstein,,,,,,,false,,
42520,elster,Jon,Jon,Elster,Elster,,,,,,,false,,
42521,elsworthy,David A.H.,David A.H.,Elsworthy,Elsworthy,,,,,,,false,,
42522,elton_c,Charles,Charles,Elton,Elton,,,,,,,false,,
42523,elton_m,Matthew,Matthew,Elton,Elton,,,,,,,false,,
42524,elugardo,Reinaldo,Reinaldo,Elugardo,Elugardo,,,,,,,false,,
42525,elvanggoerenson,Morten,Morten,"Elvang-G{\""o}renson",Elvang-Görenson,,,,,,,false,,
42526,elwert_f,Felix,Felix,Elwert,Elwert,,,,,,,false,,
42527,elwing_c,Carl M.,Carl M.,Elwing,Elwing,,,,,,,false,,
42528,elwolde,John,John,Elwolde,Elwolde,,,,,,,false,,
42529,elwyn_bk,Benjamin K.,Benjamin K.,Elwyn,Elwyn,,,,,,,false,,
42530,elzein,Nadine,Nadine,Elzein,Elzein,,,,,,,false,,
42531,elzenberg,Henryk,Henryk,Elzenberg,Elzenberg,,,,,,,false,,
42532,elzinga_a,Aant,Aant,Elzinga,Elzinga,,,,,,,false,,
42533,elzinga_b,Benjamin,Benjamin,Elzinga,Elzinga,,,,,,,false,,
42534,emad,Parvis,Parvis,Emad,Emad,,,,,,,false,,
42535,emanuel_ej,Ekeziel J.,Ekeziel J.,Emanuel,Emanuel,,,,,,,false,,
42536,embach,Michael,Michael,Embach,Embach,,,,,,,false,,
42537,embery_j,John,John,Embery,Embery,,,,,,,false,,
42538,embik,David,David,Embik,Embik,,,,,,,false,,
42539,embleton,Sheila,Sheila,Embleton,Embleton,,,,,,,false,,
42540,emboussi_n,Nyano,Nyano,Emboussi,Emboussi,,,,,,,false,,
42541,embree,Lester E.,Lester E.,Embree,Embree,,,,,,,false,,
42542,embricks,David G.,David G.,Embricks,Embricks,,,,,,,false,,
42543,embry_b,Brian,Brian,Embry,Embry,,,,,,,false,,
42544,embury,Suzanne M.,Suzanne M.,Embury,Embury,,,,,,,false,,
42545,emch_g,G{\'e}rard,Gérard,Emch,Emch,,,,,,,false,,
42546,emde,Robert N.,Robert N.,Emde,Emde,,,,,,,false,,
42547,emden,Christian J.,Christian J.,Emden,Emden,,,,,,,false,,
42548,emele,Martin C.,Martin C.,Emele,Emele,,,,,,,false,,
42549,emelyanova,Tamara,Tamara,Emelyanova,Emelyanova,,,,,,,false,,
42550,emens,Elizabeth F.,Elizabeth F.,Emens,Emens,,,,,,,false,,
42551,emerick_b,Barrett,Barrett,Emerick,Emerick,,,,,,,false,,
42552,emerick_rd,R.D.,R.D.,Emerick,Emerick,,,,,,,false,,
42553,emerson_ae,Allen E.,Allen E.,Emerson,Emerson,,,,,,,false,,
42554,emerson_r,Roger,Roger,Emerson,Emerson,,,,,,,false,,
42555,emerson_rl,Roger L.,Roger L.,Emerson,Emerson,,,,,,,false,,
42556,emerton_ne,Norma E.,Norma E.,Emerton,Emerton,,,,,,,false,,
42557,emerton_p,Patrick,Patrick,Emerton,Emerton,,,,,,,false,,
42558,emery_c,Carl,Carl,Emery,Emery,,,,,,,false,,
42559,emery_g,Gilles,Gilles,{\'E}mery,Émery,,,,,,,false,,
42560,emery_k,"Jr., Kent","Jr., Kent",Emery,Emery,,,,,,,false,,
42561,emery_n,Nina,Nina,Emery,Emery,,,,,,,false,,
42562,emery_nj,Nathan J.,Nathan J.,Emery,Emery,,,,,,,false,,
42563,emeryhellwig,Eric,Eric,Emery-Hellwig,Emery-Hellwig,,,,,,,false,,
42564,emge_ca,C.~August,C. August,Emge,Emge,,,,,,,false,,
42565,emiliani,Alberto,Alberto,Emiliani,Emiliani,,,,,,,false,,
42566,emilsson,Eyj{\'o}lfur Kjalar,Eyjólfur Kjalar,Emilsson,Emilsson,,,,,,,false,,
42567,emler_n,Nicholas,Nicholas,Emler,Emler,,,,,,,false,,
42568,emmanuel_sm,Steven M.,Steven M.,Emmanuel,Emmanuel,,,,,,,false,,
42569,emmeche,Claus,Claus,Emmeche,Emmeche,,,,,,,false,,
42570,emmer,C.E.,C.E.,Emmer,Emmer,,,,,,,false,,
42571,emmerich_m,Marcus,Marcus,Emmerich,Emmerich,,,,,,,false,,
42572,emmerich_n,Nathan,Nathan,Emmerich,Emmerich,,,,,,,false,,
42573,emmerman,Karen S.,Karen S.,Emmerman,Emmerman,,,,,,,false,,
42574,emmet_d,Dorothy M.,Dorothy M.,Emmet,Emmet,,,,,,,false,,
42575,emmet_er,E.R.,E.R.,Emmet,Emmet,,,,,,,false,,
42576,emmett_k,Kathleen,Kathleen,Emmett,Emmett,,,,,,,false,,
42577,emmett_ke,Kelin,Kelin,Emmett,Emmett,,,,,,,false,,
42578,emmett_rb,Ross B.,Ross B.,Emmett,Emmett,,,,,,,false,,
42579,emmons_w,W.,W.,Emmons,Emmons,,,,,,,false,,
42580,emmorey_kd,Karen D.,Karen D.,Emmorey,Emmorey,,,,,,,false,,
42581,emmott,Catherine,Catherine,Emmott,Emmott,,,,,,,false,,
42582,emms_j,Judy,Judy,Emms,Emms,,,,,,,false,,
42583,emms_m,Martin,Martin,Emms,Emms,,,,,,,false,,
42584,emoedy_m,Marianne,Marianne,"Em{\""o}dy",Emödy,,,,,,,false,,
42585,emon,Anver M.,Anver M.,Emon,Emon,,,,,,,false,,
42586,emonds_b,Bruce,Bruce,Emonds,Emonds,,,,,,,false,,
42587,emonds_j,Joseph,Joseph,Emonds,Emonds,,,,,,,false,,
42588,emrich_hm,Hinderk M.,Hinderk M.,Emrich,Emrich,,,,,,,false,,
42589,emrich_ml,Mary L.,Mary L.,Emrich,Emrich,,,,,,,false,,
42590,emt_j,Jeanette,Jeanette,Emt,Emt,,,,,,,false,,
42591,emundts,Dina,Dina,Emundts,Emundts,,,,,,,false,,
42592,enaudeau,Corinne,Corinne,Enaudeau,Enaudeau,,,,,,,false,,
42593,enayat,Ali,Ali,Enayat,Enayat,,,,,,,false,,
42594,enc_b,Berent,Berent,En{\c{c}},Enç,,,,,,,false,,
42595,enc_m,"M{\""u}rvet",Mürvet,En{\c{c}},Enç,,,,,,,false,,
42596,endean_p,Philip,Philip,Endean,Endean,,,,,,,false,,
42597,enderle_g,Georges,Georges,Enderle,Enderle,,,,,,,false,,
42598,enderlein,Wolfgang,Wolfgang,Enderlein,Enderlein,,,,,,,false,,
42599,enders_am,Adam M.,Adam M.,Enders,Enders,,,,,,,false,,
42600,enders_ch,Christoph,Christoph,Enders,Enders,,,,,,,false,,
42601,enders_hw,Heinz W.,Heinz W.,Enders,Enders,,,,,,,false,,
42602,enders_m,Markus,Markus,Enders,Enders,,,,,,,false,,
42603,endersby,Jim,Jim,Endersby,Endersby,,,,,,,false,,
42604,enderton,Herbert B.,Herbert B.,Enderton,Enderton,,,,,,,false,,
42605,endicott_rp,Ronald P.,Ronald P.,Endicott,Endicott,,,,,,,false,,
42606,endicott_t,Timothy,Timothy,Endicott,Endicott,,,,,,,false,,
42607,endler,John A.,John A.,Endler,Endler,,,,,,,false,,
42608,endres,A.,A.,Endres,Endres,,,,,,,false,,
42609,endress_g,Gerhard,Gerhard,Endress,Endress,,,,,,,false,,
42610,endress_m,Martin,Martin,Endress,Endress,,,,,,,false,,
42611,endriss_c,Cornelia,Cornelia,Endriss,Endriss,,,,,,,false,,
42612,endriss_u,Ulle,Ulle,Endriss,Endriss,,,,,,,false,,
42613,endrullis,"J{\""o}rg",Jörg,Endrullis,Endrullis,,,,,,,false,,
42614,endruweit,Meiken,Meiken,Endruweit,Endruweit,,,,,,,false,,
42615,enemark,Christian,Christian,Enemark,Enemark,,,,,,,false,,
42616,enfield_nj,Nicholas J.,Nicholas J.,Enfield,Enfield,,,,,,,false,,
42617,eng_e,Erling,Erling,Eng,Eng,,,,,,,false,,
42618,engammare,Max,Max,Engammare,Engammare,,,,,,,false,,
42619,engberg_j,Jan,Jan,Engberg,Engberg,,,,,,,false,,
42620,engberg_u,U.,U.,Engberg,Engberg,,,,,,,false,,
42621,engbergpedersen,Troels,Troels,Engberg-Pedersen,Engberg-Pedersen,,,,,,,false,,
42622,engbert_k,Kai,Kai,Engbert,Engbert,,,,,,,false,,
42623,engbert_r,Ralf,Ralf,Engbert,Engbert,,,,,,,false,,
42624,engchua,Siew,Siew,Eng Chua,Eng Chua,,,,,,,false,,
42625,engdahl,Elisabeth,Elisabeth,Engdahl,Engdahl,,,,,,,false,,
42626,engel_ak,Andreas K.,Andreas K.,Engel,Engel,,,,,,,false,,
42627,engel_dm,David M.,David M.,Engel,Engel,,,,,,,false,,
42628,engel_ej,Eva J.,Eva J.,Engel,Engel,,,,,,,false,,
42629,engel_lw,Linda W.,Linda W.,Engel,Engel,,,,,,,false,,
42630,engel_m,"Jr., Mylan","Jr., Mylan",Engel,Engel,,,,,,,false,,
42631,engel_mgj,M.G.J.,M.G.J.,Engel,Engel,,,,,,,false,,
42632,engel_r,Ralf,Ralf,Engel,Engel,,,,,,,false,,
42633,engel_sm,S.~Morris,S. Morris,Engel,Engel,,,,,,,false,,
42634,engelberg_e,Elisabeth,Elisabeth,Engelberg,Engelberg,,,,,,,false,,
42635,engelberg_kj,"Klaus-J{\""u}rgen",Klaus-Jürgen,Engelberg,Engelberg,,,,,,,false,,
42636,engelberg_s,Stefan,Stefan,Engelberg,Engelberg,,,,,,,false,,
42637,engelbrecht,"J{\""u}ri",Jüri,Engelbrecht,Engelbrecht,,,,,,,false,,
42638,engelbrett_be,Barbara E.,Barbara E.,Engelbrett,Engelbrett,,,,,,,false,,
42639,engeldimauro,Salvatore,Salvatore,Engel di Mauro,Engel di Mauro,,,,,,,false,,
42640,engelen_b,Bart,Bart,Engelen,Engelen,,,,,,,false,,
42641,engelfriet,Joeri,Joeri,Engelfriet,Engelfriet,,,,,,,false,,
42642,engelhard,Kristina,Kristina,Engelhard,Engelhard,,,,,,,false,,
42643,engelhardt_ht,"Jr., H.~Tristram","Jr., H. Tristram",Engelhardt,Engelhardt,,,,,,,false,,
42644,engelhardt_j,Jeff M.,Jeff M.,Engelhardt,Engelhardt,,,,,,,false,,
42645,engelhardt_k,Kai,Kai,Engelhardt,Engelhardt,,,,,,,false,,
42646,engell_l,Lorenz,Lorenz,Engell,Engell,,,,,,,false,,
42647,engelland,Chad,Chad,Engelland,Engelland,,,,,,,false,,
42648,engelmann_em,Edward M.,Edward M.,Engelmann,Engelmann,,,,,,,false,,
42649,engelmann_jm,Jan M.,Jan M.,Engelmann,Engelmann,,,,,,,false,,
42650,engelmann_ml,Mauro Luiz,Mauro Luiz,Engelmann,Engelmann,,,,,,,false,,
42651,engelmann_n,Neele,Neele,Engelmann,Engelmann,,,,,,,false,,
42652,engelmann_sg,Stephen G.,Stephen G.,Engelmann,Engelmann,,,,,,,false,,
42653,engels_f,Friedrich,Friedrich,Engels,Engels,,,,,,,false,,
42654,engels_ks,Kimberly S.,Kimberly S.,Engels,Engels,,,,,,,false,,
42655,engelsma_c,Coos,Coos,Engelsma,Engelsma,,,,,,,false,,
42656,engelson,Sean,Sean,Engelson,Engelson,,,,,,,false,,
42657,engesser,Kurt,Kurt,Engesser,Engesser,,,,,,,false,,
42658,engestroem,"Yrj{\""o}",Yrjö,"Engestr{\""o}m",Engeström,,,,,,,false,,
42659,engfer,"Hans-J{\""u}rgen",Hans-Jürgen,Engfer,Engfer,,,,,,,false,,
42660,engholm_cr,C.~Rudy,C. Rudy,Engholm,Engholm,,,,,,,false,,
42661,engisch_k,Karl,Karl,Engisch,Engisch,,,,,,,false,,
42662,england_fe,F.E.,F.E.,England,England,,,,,,,false,,
42663,england_j,Jacqueline,Jacqueline,England,England,,,,,,,false,,
42664,england_k,Kim,Kim,England,England,,,,,,,false,,
42665,england_r,Richard,Richard,England,England,,,,,,,false,,
42666,englander_a,Alex,Alex,Englander,Englander,,,,,,,false,,
42667,englander_m,Magnus,Magnus,Englander,Englander,,,,,,,false,,
42668,englebretsen,George,George,Englebretsen,Englebretsen,,,,,,,false,,
42669,englefield,Ronald,Ronald,Englefield,Englefield,,,,,,,false,,
42670,engleman,K.,K.,Engleman,Engleman,,,,,,,false,,
42671,engler_fo,Fynn Ole,Fynn Ole,Engler,Engler,,,,,,,false,,
42672,engler_m,Mirko,Mirko,Engler,Engler,,,,,,,false,,
42673,engler_r,Rudolf,Rudolf,Engler,Engler,,,,,,,false,,
42674,englert_bg,Berthold-Georg,Berthold-Georg,Englert,Englert,,,,,,,false,,
42675,englert_w,Walter,Walter,Englert,Englert,,,,,,,false,,
42676,english_ac,Adam C.,Adam C.,English,English,,,,,,,false,,
42677,english_hb,Horace B.,Horace B.,English,English,,,,,,,false,,
42678,english_j,Jacques,Jacques,English,English,,,,,,,false,,
42679,english_ja,Jane,Jane,English,English,,,,,,,false,,
42680,english_jf,James F.,James F.,English,English,,,,,,,false,,
42681,english_p,Parker,Parker,English,English,,,,,,,false,,
42682,engman,Mel M.,Mel M.,Engman,Engman,,,,,,,false,,
42683,engmann_j,Joyce,Joyce,Engmann,Engmann,,,,,,,false,,
42684,engmann_m,Matthias,Matthias,Engmann,Engmann,,,,,,,false,,
42685,engquist,"Bj{\""o}rn",Björn,Engquist,Engquist,,,,,,,false,,
42686,engstler,Achim,Achim,Engstler,Engstler,,,,,,,false,,
42687,engstrom_dr,David R.,David R.,Engstrom,Engstrom,,,,,,,false,,
42688,engstrom_sp,Stephen P.,Stephen P.,Engstrom,Engstrom,,,,,,,false,,
42689,engwall_l,Lars,Lars,Engwall,Engwall,,,,,,,false,,
42690,enia,C{\'e}zar,Cézar,Enia,Enia,,,,,,,false,,
42691,enis,Ben M.,Ben M.,Enis,Enis,,,,,,,false,,
42692,enkavi,A.~Zeynep,A. Zeynep,Enkavi,Enkavi,,,,,,,false,,
42693,enkvist_ne,Nils Erik,Nils Erik,Enkvist,Enkvist,,,,,,,false,,
42694,ennals,Richard,Richard,Ennals,Ennals,,,,,,,false,,
42695,ennis_pj,Paul J.,Paul J.,Ennis,Ennis,,,,,,,false,,
42696,ennis_rh,Robert H.,Robert H.,Ennis,Ennis,,,,,,,false,,
42697,ennis_sp,S.P.,S.P.,Ennis,Ennis,,,,,,,false,,
42698,enns_d,Diane,Diane,Enns,Enns,,,,,,,false,,
42699,enns_p,Phil,Phil,Enns,Enns,,,,,,,false,,
42700,enoch,David,David,Enoch,Enoch,,,,,,,false,,
42701,enos,Theresa,Theresa,Enos,Enos,,,,,,,false,,
42702,enright_n,Nancy,Nancy,Enright,Enright,,,,,,,false,,
42703,enright_r,Robert,Robert,Enright,Enright,,,,,,,false,,
42704,enriques_f,F.,F.,Enriques,Enriques,,,,,,,false,,
42705,enriques_m,M.,M.,Enriques,Enriques,,,,,,,false,,
42706,enskat,Rainer,Rainer,Enskat,Enskat,,,,,,,false,,
42707,enslin,Penny,Penny,Enslin,Enslin,,,,,,,false,,
42708,enthoven_r,"Rapha{\""e}l",Raphaël,Enthoven,Enthoven,,,,,,,false,,
42709,entwisle_j,Jim,Jim,Entwisle,Entwisle,,,,,,,false,,
42710,entwisle_r,Rebecca E.B.,Rebecca E.B.,Entwisle,Entwisle,,,,,,,false,,
42711,enz_cp,Charles P.,Charles P.,Enz,Enz,,,,,,,false,,
42712,eodice_a,Alexander R.,Alexander R.,Eodice,Eodice,,,,,,,false,,
42713,eoloyan,Ani,Ani,Eoloyan,Eoloyan,,,,,,,false,,
42714,eon_j,Jeanine,Jeanine,Eon,Eon,,,,,,,false,,
42715,eoz,Emanuel,Emanuel,Eoz,Eoz,,,,,,,false,,
42716,epel_e,Elissa,Elissa,Epel,Epel,,,,,,,false,,
42717,ephrati,Eithan,Eithan,Ephrati,Ephrati,,,,,,,false,,
42718,epictetus,,,,,{Epictetus},Epictetus,,,,,true,,
42719,epp_v,Verena,Verena,Epp,Epp,,,,,,,false,,
42720,epperson_m,Michael,Michael,Epperson,Epperson,,,,,,,false,,
42721,epple_j,Johannes,Johannes,Epple,Epple,,,,,,,false,,
42722,epple_m,Moritz,Moritz,Epple,Epple,,,,,,,false,,
42723,eppley_d,Daniel,Daniel,Eppley,Eppley,,,,,,,false,,
42724,eppley_k,Kenneth,Kenneth,Eppley,Eppley,,,,,,,false,,
42725,epsen,Edward,Edward,Epsen,Epsen,,,,,,,false,,
42726,epstein_b,Brian,Brian,Epstein,Epstein,,,,,,,false,,
42727,epstein_d,D.,D.,Epstein,Epstein,,,,,,,false,,
42728,epstein_j,Joseph,Joseph,Epstein,Epstein,,,,,,,false,,
42729,epstein_lg,Larry G.,Larry G.,Epstein,Epstein,,,,,,,false,,
42730,epstein_ma,Mark,Mark,Epstein,Epstein,,,,,,,false,,
42731,epstein_mf,Michele F.,Michele F.,Epstein,Epstein,,,,,,,false,,
42732,epstein_r,Roger,Roger,Epstein,Epstein,,,,,,,false,,
42733,epstein_ra,Richard A.,Richard A.,Epstein,Epstein,,,,,,,false,,
42734,epstein_rj,R.J.,R.J.,Epstein,Epstein,,,,,,,false,,
42735,epstein_rl,Richard L.,Richard L.,Epstein,Epstein,,,,,,,false,,
42736,epstein_ro,Robert,Robert,Epstein,Epstein,,,,,,,false,,
42737,epstein_ru,Russell,Russell,Epstein,Epstein,,,,,,,false,,
42738,epstein_sd,Samuel David,Samuel David,Epstein,Epstein,,,,,,,false,,
42739,epstein_se,Seymour,Seymour,Epstein,Epstein,,,,,,,false,,
42740,epstein_sl,Susan L.,Susan L.,Epstein,Epstein,,,,,,,false,,
42741,epstein_ss,Samuel S.,Samuel S.,Epstein,Epstein,,,,,,,false,,
42742,epstein_w,William,William,Epstein,Epstein,,,,,,,false,,
42743,epstein_y,Yakov M.,Yakov M.,Epstein,Epstein,,,,,,,false,,
42744,epting,Shane,Shane,Epting,Epting,,,,,,,false,,
42745,equisabel_om,Oscar M.,Oscar M.,Equisabel,Equisabel,,,,,,,false,,
42746,erasmus_j,Jacobus,Jacobus,Erasmus,Erasmus,,,,,,,true,,
42747,erbacher,Christian E.,Christian E.,Erbacher,Erbacher,,,,,,,false,,
42748,erberschropp,Julia Maria,Julia Maria,Erber-Schropp,Erber-Schropp,,,,,,,false,,
42749,erbi_m,Margherita,Margherita,Erb{\`{\i}},Erbì,,,,,,,false,,
42750,erbinghaus,Julius,Julius,Erbinghaus,Erbinghaus,,,,,,,false,,
42751,erde_el,Edmund L.,Edmund L.,Erde,Erde,,,,,,,false,,
42752,erdei_l,L{\'a}sl{\'o},Lásló,Erdei,Erdei,,,,,,,false,,
42753,erdem,Esra,Esra,Erdem,Erdem,,,,,,,false,,
42754,erden_a,Ali,Ali,Erden,Erden,,,,,,,false,,
42755,erdi,P{\'e}ter,Péter,{\'E}rdi,Érdi,,,,,,,false,,
42756,erdmann_g,Georg,Georg,Erdmann,Erdmann,,,,,,,false,,
42757,erdmann_p,Pia,Pia,Erdmann,Erdmann,,,,,,,false,,
42758,erdoes,Paul,Paul,"Erd{\""o}s",Erdös,,,,,,,false,,
42759,erel_u,Umut,Umut,Erel,Erel,,,,,,,false,,
42760,ereshefsky,Marc,Marc,Ereshefsky,Ereshefsky,,,,,,,false,,
42761,ergas_o,Oren,Oren,Ergas,Ergas,,,,,,,false,,
42762,erginel,Mehmet M.,Mehmet M.,Erginel,Erginel,,,,,,,false,,
42763,erhard_c,Christopher,Christopher,Erhard,Erhard,,,,,,,false,,
42764,erhardt_f,Franz,Franz,Erhardt,Erhardt,,,,,,,false,,
42765,erhardt_g,Guido,Guido,Erhardt,Erhardt,,,,,,,false,,
42766,eribon,D.,D.,Eribon,Eribon,,,,,,,false,,
42767,erichsen_n,N.,N.,Erichsen,Erichsen,,,,,,,false,,
42768,erickson_ma,Michael A.,Michael A.,Erickson,Erickson,,,,,,,false,,
42769,erickson_rp,Robert P.,Robert P.,Erickson,Erickson,,,,,,,false,,
42770,erickson_sa,Stephen A.,Stephen A.,Erickson,Erickson,,,,,,,false,,
42771,ericsson_ak,Anders K.,Anders K.,Ericsson,Ericsson,,,,,,,false,,
42772,ericsson_lo,Lars O.,Lars O.,Ericsson,Ericsson,,,,,,,false,,
42773,ericsson_n,Neil,Neil,Ericsson,Ericsson,,,,,,,false,,
42774,ericsson_s,Stina,Stina,Ericsson,Ericsson,,,,,,,false,,
42775,eriksen_c,Cecilie,Cecilie,Eriksen,Eriksen,,,,,,,false,,
42776,eriksen_cb,Christoffer Basse,Christoffer Basse,Eriksen,Eriksen,,,,,,,false,,
42777,eriksen_eo,Erik O.,Erik O.,Eriksen,Eriksen,,,,,,,false,,
42778,erikson_r,Robert,Robert,Erikson,Erikson,,,,,,,false,,
42779,eriksson_a,Anna,Anna,Eriksson,Eriksson,,,,,,,false,,
42780,eriksson_an,Anton,Anton,Eriksson,Eriksson,,,,,,,false,,
42781,eriksson_b,"Bj{\""o}rn",Björn,Eriksson,Eriksson,,,,,,,false,,
42782,eriksson_j,John,John,Eriksson,Eriksson,,,,,,,false,,
42783,eriksson_l,Lina,Lina,Eriksson,Eriksson,,,,,,,false,,
42784,eriksson_lh,Lars-Henrik,Lars-Henrik,Eriksson,Eriksson,,,,,,,false,,
42785,erin_ca,Charles A.,Charles A.,Erin,Erin,,,,,,,false,,
42786,erion,Gerald J.,Gerald J.,Erion,Erion,,,,,,,false,,
42787,erismann_th,Theodor Paul,Theodor Paul,Erismann,Erismann,,,,,,,false,,
42788,erjavec_t,Tomaz,Tomaz,Erjavec,Erjavec,,,,,,,false,,
42789,erk_c,Christian,Christian,Erk,Erk,,,,,,,false,,
42790,erkilic,Mualla,Mualla,Erkili{\c{c}},Erkiliç,,,,,,,false,,
42791,erkman_p,Paul,Paul,Erkman,Erkman,,,,,,,false,,
42792,erkue_f,Feride,Feride,"Erk{\""u}",Erkü,,,,,,,false,,
42793,erlach_k,Klaus,Klaus,Erlach,Erlach,,,,,,,false,,
42794,erlandson,Douglas K.,Douglas K.,Erlandson,Erlandson,,,,,,,false,,
42795,erlenbusch,Verena,Verena,Erlenbusch,Erlenbusch,,,,,,,false,,
42796,erler_m,Michael,Michael,Erler,Erler,,,,,,,false,,
42797,erlingsdottir_i,Irma,Irma,Erlingsd{\'o}ttir,Erlingsdóttir,,,,,,,false,,
42798,erll_s,Simon,Simon,Erll,Erll,,,,,,,false,,
42799,erman_e,Eva,Eva,Erman,Erman,,,,,,,false,,
42800,erman_l,Lee,Lee,Erman,Erman,,,,,,,false,,
42801,ermann,M.~David,M. David,Ermann,Ermann,,,,,,,false,,
42802,erneling_c,Christina,Christina,Erneling,Erneling,,,,,,,false,,
42803,ernst_cw,Carl W.,Carl W.,Ernst,Ernst,,,,,,,false,,
42804,ernst_gerh,Gerhard,Gerhard,Ernst,Ernst,,,,,,,false,,
42805,ernst_germ,Germana,Germana,Ernst,Ernst,,,,,,,false,,
42806,ernst_gw,G.W.,G.W.,Ernst,Ernst,,,,,,,false,,
42807,ernst_j,"J{\""o}rg",Jörg,Ernst,Ernst,,,,,,,false,,
42808,ernst_m,Michael,Michael,Ernst,Ernst,,,,,,,false,,
42809,ernst_mao,Marc O.,Marc O.,Ernst,Ernst,,,,,,,false,,
42810,ernst_mo,Monique,Monique,Ernst,Ernst,,,,,,,false,,
42811,ernst_s,Stephan,Stephan,Ernst,Ernst,,,,,,,false,,
42812,ernst_u,Ulrich,Ulrich,Ernst,Ernst,,,,,,,false,,
42813,ernst_w,Wilhelm,Wilhelm,Ernst,Ernst,,,,,,,false,,
42814,ernst_z,Zachary,Zachary,Ernst,Ernst,,,,,,,false,,
42815,erogul,Cem,Cem,Ero{\v{g}}ul,Eroǧul,,,,,,,false,,
42816,erol,Kutluhan,Kutluhan,Erol,Erol,,,,,,,false,,
42817,eronen,Markus I.,Markus I.,Eronen,Eronen,,,,,,,false,,
42818,erpenbeck,John,John,Erpenbeck,Erpenbeck,,,,,,,false,,
42819,errazuriz,Jos{\'e} Antonio,José Antonio,Err{\'a}zuriz,Errázuriz,,,,,,,false,,
42820,errera_a,A.,A.,Errera,Errera,,,,,,,false,,
42821,ershov,Yu.~L.,Yu. L.,Ershov,Ershov,,,,,,,false,,
42822,ersov,Ju.~L.,Ju. L.,Er{\v{s}}ov,Eršov,,,,,,,false,,
42823,ertel_s,Suitbert,Suitbert,Ertel,Ertel,,,,,,,false,,
42824,erteschikshir,Nomi,Nomi,Erteschik-Shir,Erteschik-Shir,,,,,,,false,,
42825,ertl,Wolfgang,Wolfgang,Ertl,Ertl,,,,,,,false,,
42826,ertola,Rodolfo,Rodolfo,Ertola,Ertola,,,,,,,false,,
42827,ertz,Timo-Peter,Timo-Peter,Ertz,Ertz,,,,,,,false,,
42828,ervintripp,Susan M.,Susan M.,Ervin-Tripp,Ervin-Tripp,,,,,,,false,,
42829,erwin_dh,Douglas H.,Douglas H.,Erwin,Erwin,,,,,,,false,,
42830,erwin_e,Edward,Edward,Erwin,Erwin,,,,,,,false,,
42831,esakia,Leo,Leo,Esakia,Esakia,,,,,,,false,,
42832,esanu,Andreea,Andreea,Esanu,Esanu,,,,,,,false,,
42833,esau,Katharina,Katharina,Esau,Esau,,,,,,,false,,
42834,esbjoernhargens,Sean,Sean,"Esbj{\""o}rn-Hargens",Esbjörn-Hargens,,,,,,,false,,
42835,escajedosanepifanio,Leire,Leire,Escajedo San-Epifanio,Escajedo San-Epifanio,,,,,,,false,,
42836,escaladaimaz,Gonzalo,Gonzalo,Escalada-Imaz,Escalada-Imaz,,,,,,,false,,
42837,escat,G{\'e}rard,Gérard,Escat,Escat,,,,,,,false,,
42838,eschbach,Achim,Achim,Eschbach,Eschbach,,,,,,,false,,
42839,eschenbach,Carola,Carola,Eschenbach,Eschenbach,,,,,,,false,,
42840,escher_e,Enrico,Enrico,Escher,Escher,,,,,,,false,,
42841,escherdistefano,Anna,Anna,Escher Di Stefano,Escher Di Stefano,,,,,,,false,,
42842,eschle,Catherine,Catherine,Eschle,Eschle,,,,,,,false,,
42843,eschler_e,E.,E.,Eschler,Eschler,,,,,,,false,,
42844,eschraghi,Armin,Armin,Eschraghi,Eschraghi,,,,,,,false,,
42845,escobar,Jorge M.,Jorge M.,Escobar,Escobar,,,,,,,false,,
42846,escobedo_r,Rafael,Rafael,Escobedo,Escobedo,,,,,,,false,,
42847,escoubas,{\'E}liane,Éliane,Escoubas,Escoubas,,,,,,,false,,
42848,escriba,Juan Barra,Juan Barra,Escriba,Escriba,,,,,,,false,,
42849,escudero_g,Gerard,Gerard,Escudero,Escudero,,,,,,,false,,
42850,escudero_ja,Jes{\'u}s Adri{\'a}n,Jesús Adrián,Escudero,Escudero,,,,,,,false,,
42851,escuderochauvel,Lucrecia,Lucrecia,Escudero Chauvel,Escudero Chauvel,,,,,,,false,,
42852,eshelman,L.J.,L.J.,Eshelman,Eshelman,,,,,,,false,,
42853,eshghi_a,Arash,Arash,Eshghi,Eshghi,,,,,,,false,,
42854,eshgli,Kave,Kave,Eshgli,Eshgli,,,,,,,false,,
42855,eshleman_a,Andrew S.,Andrew S.,Eshleman,Eshleman,,,,,,,false,,
42856,eshleman_ch,Cyrus H.,Cyrus H.,Eshleman,Eshleman,,,,,,,false,,
42857,eshleman_mc,Matthew C.,Matthew C.,Eshleman,Eshleman,,,,,,,false,,
42858,esianu,Cornelia,Cornelia,Esianu,Esianu,,,,,,,false,,
42859,esin_e,E.,E.,Esin,Esin,,,,,,,false,,
42860,esken,Frank,Frank,Esken,Esken,,,,,,,false,,
42861,eskine,Kendall J.,Kendall J.,Eskine,Eskine,,,,,,,false,,
42862,eskridge,"Jr., William N.","Jr., William N.",Eskridge,Eskridge,,,,,,,false,,
42863,eslick,Leonard J.,Leonard J.,Eslick,Eslick,,,,,,,false,,
42864,esmail,Aziz A.,Aziz A.,Esmail,Esmail,,,,,,,false,,
42865,espada,Jo{\~a}o Carlos,João Carlos,Espada,Espada,,,,,,,false,,
42866,espagne,Michel,Michel,Espagne,Espagne,,,,,,,false,,
42867,esparza_j,Javier,Javier,Esparza,Esparza,,,,,,,false,,
42868,espert,Yasmine,Yasmine,Espert,Espert,,,,,,,false,,
42869,espinal,M.~Teresa,M. Teresa,Espinal,Espinal,,,,,,,false,,
42870,espinasse,Paul G.,Paul G.,Espinasse,Espinasse,,,,,,,false,,
42871,espinet_d,David,David,Espinet,Espinet,,,,,,,false,,
42872,espinosarubio,Luciano,Luciano,Espinosa Rubio,Espinosa Rubio,,,,,,,false,,
42873,espinoza_m,Miguel,Miguel,Espinoza,Espinoza,,,,,,,false,,
42874,espinoza_ma,Marissa,Marissa,Espinoza,Espinoza,,,,,,,false,,
42875,espinoza_n,Nicolas,Nicolas,Espinoza,Espinoza,,,,,,,false,,
42876,espiritosanto,Marilia,Marilia,Espirito Santo,Espirito Santo,,,,,,,false,,
42877,esposito_e,Elena,Elena,Esposito,Esposito,,,,,,,false,,
42878,esposito_f,Floriana,Floriana,Esposito,Esposito,,,,,,,false,,
42879,esposito_jl,Joseph L.,Joseph L.,Esposito,Esposito,,,,,,,false,,
42880,esposito_l,Luigi,Luigi,Esposito,Esposito,,,,,,,false,,
42881,esposito_r,Roberto,Roberto,Esposito,Esposito,,,,,,,false,,
42882,esposito_ra,Raffaele,Raffaele,Esposito,Esposito,,,,,,,false,,
42883,esquisabel,Oscar M.,Oscar M.,Esquisabel,Esquisabel,,,,,,,false,,
42884,esquith,Stephen L.,Stephen L.,Esquith,Esquith,,,,,,,false,,
42885,ess_c,Charles,Charles,Ess,Ess,,,,,,,false,,
42886,essaouri,Mohamed,Mohamed,Essaouri,Essaouri,,,,,,,false,,
42887,essbach_w,Wolfgang,Wolfgang,Essbach,Essbach,,,,,,,false,,
42888,essed,Philomena,Philomena,Essed,Essed,,,,,,,false,,
42889,essen_j,Juliana,Juliana,Essen,Essen,,,,,,,false,,
42890,esser_am,Andrea Marlen,Andrea Marlen,Esser,Esser,,,,,,,false,,
42891,esser_j,Josef,Josef,Esser,Esser,,,,,,,false,,
42892,esser_m,Meredith,Meredith,Esser,Esser,,,,,,,false,,
42893,esser_o,Olivier,Olivier,Esser,Esser,,,,,,,false,,
42894,esser_ph,P.H.,P.H.,Esser,Esser,,,,,,,false,,
42895,essertier,Daniel,Daniel,Essertier,Essertier,,,,,,,false,,
42896,essertvillard,C.,C.,Essert-Villard,Essert-Villard,,,,,,,false,,
42897,esses,Victoria M.,Victoria M.,Esses,Esses,,,,,,,false,,
42898,essex,Jamey,Jamey,Essex,Essex,,,,,,,false,,
42899,essinger_j,James,James,Essinger,Essinger,,,,,,,false,,
42900,essler_h,Holger,Holger,Essler,Essler,,,,,,,false,,
42901,essler_wk,Wilhelm K.,Wilhelm K.,Essler,Essler,,,,,,,false,,
42902,estany,Anna,Anna,Estany,Estany,,,,,,,false,,
42903,esteban,Jos{\'e} Miguel,José Miguel,Esteban,Esteban,,,,,,,false,,
42904,esterchild,Elizabeth M.,Elizabeth M.,Esterchild,Esterchild,,,,,,,false,,
42905,esterhuyse,W.P.,W.P.,Esterhuyse,Esterhuyse,,,,,,,false,,
42906,estes_wk,William K.,William K.,Estes,Estes,,,,,,,false,,
42907,estes_y,Yolanda,Yolanda,Estes,Estes,,,,,,,false,,
42908,esteva_f,Francesco,Francesco,Esteva,Esteva,,,,,,,false,,
42909,esteves,Julio Cesar Ramos,Julio Cesar Ramos,Esteves,Esteves,,,,,,,false,,
42910,estlin,Tara A.,Tara A.,Estlin,Estlin,,,,,,,false,,
42911,estlund,David,David,Estlund,Estlund,,,,,,,false,,
42912,estrada,Juan Antonio,Juan Antonio,Estrada,Estrada,,,,,,,false,,
42913,estradagonzalez,Luis,Luis,Estrada-Gonz{\'a}lez,Estrada-González,,,,,,,false,,
42914,estrella_j,Jorge,Jorge,Estrella,Estrella,,,,,,,false,,
42915,estren,Mark J.,Mark J.,Estren,Estren,,,,,,,false,,
42916,estrich_s,Susan,Susan,Estrich,Estrich,,,,,,,false,,
42917,et,,,,,{E.T.},E.T.,,,,,false,,
42918,etalle_s,Sandro,Sandro,Etalle,Etalle,,,,,,,false,,
42919,etchegaray,Claire,Claire,Etchegaray,Etchegaray,,,,,,,false,,
42920,etchegoyen,Alain,Alain,Etchegoyen,Etchegoyen,,,,,,,false,,
42921,etchemendy_j,John,John,Etchemendy,Etchemendy,,,,,,,false,,
42922,etchemendy_m,Matthew X.,Matthew X.,Etchemendy,Etchemendy,,,,,,,false,,
42923,etcheverry,Patrick,Patrick,Etcheverry,Etcheverry,,,,,,,false,,
42924,etherington,David W.,David W.,Etherington,Etherington,,,,,,,false,,
42925,etienne_a,Alexandre,Alexandre,{\'E}tienne,Étienne,,,,,,,false,,
42926,etieyibo,Edwin,Edwin,Etieyibo,Etieyibo,,,,,,,false,,
42927,etinson_a,Adam,Adam,Etinson,Etinson,,,,,,,false,,
42928,etlin,Richard A.,Richard A.,Etlin,Etlin,,,,,,,false,,
42929,etoundibibegele,Marc Kisito,Marc Kisito,Etoundi Bibegel{\'e},Etoundi Bibegelé,,,,,,,false,,
42930,etxeberria_a,Arantza,Arantza,Etxeberria,Etxeberria,,,,,,,false,,
42931,etxeberria_r,R.,R.,Etxeberria,Etxeberria,,,,,,,false,,
42932,etxeberria_u,Urtzi,Urtzi,Etxeberria,Etxeberria,,,,,,,false,,
42933,etzelmueller,Gregor,Gregor,"Etzelm{\""u}ller",Etzelmüller,,,,,,,false,,
42934,etzi,Roberta,Roberta,Etzi,Etzi,,,,,,,false,,
42935,etzion,Opher,Opher,Etzion,Etzion,,,,,,,false,,
42936,etzioni_a,Amitai,Amitai,Etzioni,Etzioni,,,,,,,false,,
42937,etzioni_o,Oren,Oren,Etzioni,Etzioni,,,,,,,false,,
42938,etzkorn_f,Ferdinand,Ferdinand,Etzkorn,Etzkorn,,,,,,,false,,
42939,etzkorn_gj,Girard J.,Girard J.,Etzkorn,Etzkorn,,,,,,,false,,
42940,eubank_n,Nicholas,Nicholas,Eubank,Eubank,,,,,,,false,,
42941,eubanks,Ralph T.,Ralph T.,Eubanks,Eubanks,,,,,,,false,,
42942,euben_jp,J.~Peter,J. Peter,Euben,Euben,,,,,,,false,,
42943,euben_rl,Roxanne L.,Roxanne L.,Euben,Euben,,,,,,,false,,
42944,eucken_c,Christoph,Christoph,Eucken,Eucken,,,,,,,false,,
42945,eucken_w,Walter,Walter,Eucken,Eucken,,,,,,,false,,
42946,eudaly_t,Thomas,Thomas,Eudaly,Eudaly,,,,,,,false,,
42947,euler_c,Carrie,Carrie,Euler,Euler,,,,,,,false,,
42948,euler_w,Werner,Werner,Euler,Euler,,,,,,,false,,
42949,eunyoungju,Anna,Anna,Eunyoung Ju,Eunyoung Ju,,,,,,,false,,
42950,eustache,F.,F.,Eustache,Eustache,,,,,,,false,,
42951,eusterschulte,Anne,Anne,Eusterschulte,Eusterschulte,,,,,,,false,,
42952,euve,Fran{\c{c}}ois,François,Euv{\'e},Euvé,,,,,,,false,,
42953,euzenat,J{\'e}r{\^o}me,Jérôme,Euzenat,Euzenat,,,,,,,false,,
42954,eva_b,Benjamin,Benjamin,Eva,Eva,,,,,,,false,,
42955,eva_l,Luiz Alves Antonio,Luiz Alves Antonio,Eva,Eva,,,,,,,false,,
42956,evangeliou,Christos,Christos,Evangeliou,Evangeliou,,,,,,,false,,
42957,evangelist,Caery,Caery,Evangelist,Evangelist,,,,,,,false,,
42958,evans_ad,Adrian,Adrian,Evans,Evans,,,,,,,false,,
42959,evans_aj,Anthony J.,Anthony J.,Evans,Evans,,,,,,,false,,
42960,evans_ca,Craig A.,Craig A.,Evans,Evans,,,,,,,false,,
42961,evans_cs,C.~Stephen,C. Stephen,Evans,Evans,,,,,,,false,,
42962,evans_d,David,David,Evans,Evans,,,,,,,false,,
42963,evans_da,David A.,David A.,Evans,Evans,,,,,,,false,,
42964,evans_do,Donald,Donald,Evans,Evans,,,,,,,false,,
42965,evans_dy,Dylan,Dylan,Evans,Evans,,,,,,,false,,
42966,evans_e,Ellis,Ellis,Evans,Evans,,,,,,,false,,
42967,evans_eg,Edmund Grimley,Edmund Grimley,Evans,Evans,,,,,,,false,,
42968,evans_em,Erin M.,Erin M.,Evans,Evans,,,,,,,false,,
42969,evans_f,Fred,Fred,Evans,Evans,,,,,,,false,,
42970,evans_g,Gareth,Gareth,Evans,Evans,,,,,,,false,,
42971,evans_gr,Gillian R.,Gillian R.,Evans,Evans,,,,,,,false,,
42972,evans_i,Ian,Ian,Evans,Evans,,,,,,,false,,
42973,evans_j,James,James,Evans,Evans,,,,,,,false,,
42974,evans_jah,"Jr., James H.","Jr., James H.",Evans,Evans,,,,,,,false,,
42975,evans_jbt,Jonathan St.B.T.,Jonathan St.B.T.,Evans,Evans,,,,,,,false,,
42976,evans_jc,Joseph Claude,Joseph Claude,Evans,Evans,,,,,,,false,,
42977,evans_jdg,John David Gemmill,John David Gemmill,Evans,Evans,,,,,,,false,,
42978,evans_je,Jan E.,Jan E.,Evans,Evans,,,,,,,false,,
42979,evans_jh,John H.,John H.,Evans,Evans,,,,,,,false,,
42980,evans_ji,Jil,Jil,Evans,Evans,,,,,,,false,,
42981,evans_jl,J.L.,J.L.,Evans,Evans,,,,,,,false,,
42982,evans_jn,Jonathan N.,Jonathan N.,Evans,Evans,,,,,,,false,,
42983,evans_k,Karen,Karen,Evans,Evans,,,,,,,false,,
42984,evans_kl,K.L.,K.L.,Evans,Evans,,,,,,,false,,
42985,evans_l,D.~Luther,D. Luther,Evans,Evans,,,,,,,false,,
42986,evans_ma,Matthew,Matthew,Evans,Evans,,,,,,,false,,
42987,evans_mg,Melbourne G.,Melbourne G.,Evans,Evans,,,,,,,false,,
42988,evans_mi,Michelle,Michelle,Evans,Evans,,,,,,,false,,
42989,evans_ms,Michael S.,Michael S.,Evans,Evans,,,,,,,false,,
42990,evans_mw,Martha W.,Martha W.,Evans,Evans,,,,,,,false,,
42991,evans_n,Nick,Nick,Evans,Evans,,,,,,,false,,
42992,evans_p,Peter W.,Peter W.,Evans,Evans,,,,,,,false,,
42993,evans_r,Roger,Roger,Evans,Evans,,,,,,,false,,
42994,evans_s,S.,S.,Evans,Evans,,,,,,,false,,
42995,evans_ta,Theodore A.,Theodore A.,Evans,Evans,,,,,,,false,,
42996,evans_tg,Thomas G.,Thomas G.,Evans,Evans,,,,,,,false,,
42997,evans_v,Vyvyan,Vyvyan,Evans,Evans,,,,,,,false,,
42998,evans_vb,Valmai Burdwood,Valmai Burdwood,Evans,Evans,,,,,,,false,,
42999,evansbraziel,Jana,Jana,Evans Braziel,Evans Braziel,,,,,,,false,,
43000,evanswagner,Suzanne,Suzanne,Evans Wagner,Evans Wagner,,,,,,,false,,
43001,evard,Jean-Luc,Jean-Luc,Evard,Evard,,,,,,,false,,
43002,eveling_hs,H.S.,H.S.,Eveling,Eveling,,,,,,,false,,
43003,eveling_s,Stanley,Stanley,Eveling,Eveling,,,,,,,false,,
43004,evellin,F.,F.,Evellin,Evellin,,,,,,,false,,
43005,evenchik_a,Amir,Amir,Evenchik,Evenchik,,,,,,,false,,
43006,evenden_j,John,John,Evenden,Evenden,,,,,,,false,,
43007,evens_m,Martha,Martha,Evens,Evens,,,,,,,false,,
43008,everaert,Martin,Martin,Everaert,Everaert,,,,,,,false,,
43009,everett_a,Anthony,Anthony,Everett,Everett,,,,,,,false,,
43010,everett_b,Brigitte,Brigitte,Everett,Everett,,,,,,,false,,
43011,everett_h,Hugh,Hugh,Everett,Everett,,,,,,,false,,
43012,everett_jac,Jim A.C.,Jim A.C.,Everett,Everett,,,,,,,false,,
43013,everett_jo,John Otis,John Otis,Everett,Everett,,,,,,,false,,
43014,everett_tj,Theodore J.,Theodore J.,Everett,Everett,,,,,,,false,,
43015,everett_wg,Walter Goodnow,Walter Goodnow,Everett,Everett,,,,,,,false,,
43016,everitt,Nicholas,Nicholas,Everitt,Everitt,,,,,,,false,,
43017,evers_d,Dirk,Dirk,Evers,Evers,,,,,,,false,,
43018,evers_da,Daan,Daan,Evers,Evers,,,,,,,false,,
43019,evers_j,Jan,Jan,Evers,Evers,,,,,,,false,,
43020,evers_k,Kathinka,Kathinka,Evers,Evers,,,,,,,false,,
43021,everson,Stephen,Stephen,Everson,Everson,,,,,,,false,,
43022,everuss,Louis,Louis,Everuss,Everuss,,,,,,,false,,
43023,every_p,Peter,Peter,Every,Every,,,,,,,false,,
43024,evett,M.,M.,Evett,Evett,,,,,,,false,,
43025,evink,Eddo,Eddo,Evink,Evink,,,,,,,false,,
43026,evnine,Simon J.,Simon J.,Evnine,Evnine,,,,,,,false,,
43027,evora,F{\'a}tima Regina,Fátima Regina,{\'E}vora,Évora,,,,,,,false,,
43028,evrard_e,{\'E}tienne,Étienne,{\'E}vrard,Évrard,,,,,,,false,,
43029,evren,"S{\""u}reyyya",Süreyyya,Evren,Evren,,,,,,,false,,
43030,ewald_f,Fran{\c{c}}ois,François,Ewald,Ewald,,,,,,,false,,
43031,ewald_o,Oskar,Oskar,Ewald,Ewald,,,,,,,false,,
43032,ewald_wb,William Bragg,William Bragg,Ewald,Ewald,,,,,,,false,,
43033,ewans_pw,Peter W.,Peter W.,Ewans,Ewans,,,,,,,false,,
43034,ewara_e,Eyo,Eyo,Ewara,Ewara,,,,,,,false,,
43035,ewart_p,Paul,Paul,Ewart,Ewart,,,,,,,false,,
43036,ewegen_sm,Shane Montgomery,Shane Montgomery,Ewegen,Ewegen,,,,,,,false,,
43037,ewen,Wolfgang,Wolfgang,Ewen,Ewen,,,,,,,false,,
43038,ewing_ac,Alfred Cyril,Alfred Cyril,Ewing,Ewing,,,,,,,false,,
43039,ewing_j,Jeffrey,Jeffrey,Ewing,Ewing,,,,,,,false,,
43040,ewing_k,Kyley,Kyley,Ewing,Ewing,,,,,,,false,,
43041,exposito_n,No{\'e},Noé,Exp{\'o}sito,Expósito,,,,,,,false,,
43042,ey,Henry,Henry,Ey,Ey,,,,,,,false,,
43043,eyal_a,Ami,Ami,Eyal,Eyal,,,,,,,false,,
43044,eyal_n,Nir,Nir,Eyal,Eyal,,,,,,,false,,
43045,eyers,Tom,Tom,Eyers,Eyers,,,,,,,false,,
43046,eyes_e,Elizabeth,Elizabeth,Eyes,Eyes,,,,,,,false,,
43047,eykman,Christoph,Christoph,Eykman,Eykman,,,,,,,false,,
43048,eylon,Yuval,Yuval,Eylon,Eylon,,,,,,,false,,
43049,eysenck_mw,Michael W.,Michael W.,Eysenck,Eysenck,,,,,,,false,,
43050,eyssidieuxvaissermann,Anne,Anne,Eyssidieux-Vaissermann,Eyssidieux-Vaissermann,,,,,,,false,,
43051,eytan_m,Michel,Michel,Eytan,Eytan,,,,,,,false,,
43052,ezcurdia,Maite,Maite,Ezcurdia,Ezcurdia,,,,,,,false,,
43053,eze,Emmanuel Chukwudi,Emmanuel Chukwudi,Eze,Eze,,,,,,,false,,
43054,ezeiza,N.,N.,Ezeiza,Ezeiza,,,,,,,false,,
43055,ezorsky,Gertrude,Gertrude,Ezorsky,Ezorsky,,,,,,,false,,
43056,ezquerro,Jes{\'u}s,Jesús,Ezquerro,Ezquerro,,,,,,,false,,
43057,ezra,Ovadia,Ovadia,Ezra,Ezra,,,,,,,false,,
43058,ezrahi,Yaron,Yaron,Ezrahi,Ezrahi,,,,,,,false,,
86167,eccles_jc,John C.,John C.,Eccles,Eccles,,,,,,,false,,
86254,eitelmann_m,Matthias,Matthias,Eitelmann,Eitelmann,,,,,,,false,,
86255,erbasi_b,"Bet{\""u}l",Betül,Erba{\c{s}}{\'{\i}},Erbaşí,,,,,,,false,,
86449,efallautenschlaeger_a,Adi,Adi,"Efal-Lautenschl{\""a}ger",Efal-Lautenschläger,,,,,,,false,,
86450,eker_b,Bahadir,Bahadir,Eker,Eker,,,,,,,false,,
86451,ekert_a,Artur,Artur,Ekert,Ekert,,,,,,,false,,
86452,eloy_s,Sylvie V.,Sylvie V.,Eloy,Eloy,,,,,,,false,,
86453,engel_f,Friedrich,Friedrich,Engel,Engel,,,,,,,false,,
86454,engelhardt_pe,Paul E.,Paul E.,Engelhardt,Engelhardt,,,,,,,false,,
86455,engelmann_p,Peter,Peter,Engelmann,Engelmann,,,,,,,false,,
86456,engler_s,Steven,Steven,Engler,Engler,,,,,,,false,,
86457,ephraim_l,Laura,Laura,Ephraim,Ephraim,,,,,,,false,,
86458,epstein_g,George,George,Epstein,Epstein,,,,,,,false,,
86459,erdner_s,Sven,Sven,Erdner,Erdner,,,,,,,false,,
86460,erhlich_hd,Hans-Dieter,Hans-Dieter,Ehrich,Ehrich,,,,,,,false,,
86461,erhsoon_a,Alice,Alice,Erh-Soon Tay,Erh-Soon Tay,,,,,,,false,,
86462,ernst_d,Donald,Donald,Ernst,Ernst,,,,,,,false,,
86463,eskandarian_a,Ali,Ali,Eskandarian,Eskandarian,,,,,,,false,,
86464,evans_ng,Nicholas G.,Nicholas G.,Evans,Evans,,,,,,,false,,
86465,evans_ro,Robert,Robert,Evans,Evans,,,,,,,false,,
86466,evert_s,Stefan,Stefan,Evert,Evert,,,,,,,false,,
86467,eynck_to,Tim Oliver,Tim Oliver,Eynck,Eynck,,,,,,,false,,
87263,eastaugh_b,Benedict,Benedict,Eastaugh,Eastaugh,,,,,,,false,,
87264,eden_a,Amnon,Amnon,Eden,Eden,,,,,,,false,,
87265,eftekhari_s,Seena,Seena,Eftekhari,Eftekhari,,,,,,,false,,
87266,ehm_cc,Chandra Chiara,Chandra Chiara,Ehm,Ehm,,,,,,,false,,
87267,elstein_d,David,David,Elstein,Elstein,,,,,,,false,,
87268,engel_mi,Michael,Michael,Engel,Engel,,,,,,,false,,
87269,eran_a,Amira,Amira,Eran,Eran,,,,,,,false,,
87357,eihabhi_j,Joshua,Joshua,Eihabhi,Eihabhi,,,,,,,false,,
87379,elsbroek_u,Ulrich,Ulrich,Elsbroek,Elsbroek,,,,,,,false,,
87403,erre_l,Laura,Laura,Erre,Erre,,,,,,,false,,
87432,elgin_sz,Samuel Z.,Samuel Z.,Elgin,Elgin,,,,,,,false,,
87459,elliot_e,Edward,Edward,Elliot,Elliot,,,,,,,false,,
87460,emcke_c,Carolin,Carolin,Emcke,Emcke,,,,,,,false,,
87461,ephratt_m,Michal,Michal,Ephratt,Ephratt,,,,,,,false,,
87462,ernst_n,Nikki,Nikki,Ernst,Ernst,,,,,,,false,,
87542,epicurus,,,,,{Epicurus},Epicurus,,,,,true,"{""{Epikur}""}",
87632,erguen_db,Didem Ba{\c{s}}ak,Didem Başak,"Erg{\""u}n",Ergün,,,,,,,false,,
87651,ehme_d,Dominique,Dominique,Ehme,Ehme,,,,,,,false,,
87718,eisold_k,Katharina,Katharina,Eisold,Eisold,,,,,,,false,,
87799,epple_r,Rebekka,Rebekka,Epple,Epple,,,,,,,false,,
87800,egloff_d,Denise,Denise,Egloff,Egloff,,,,,,,false,,
87824,euclid,,,,,{Euclid},Euclid,,,,,false,,
88055,eltobghiradrizzani,Fawzia,Fawzia,El Tobghi Radrizzani,El Tobghi Radrizzani,,,,,,,false,,
88126,ehtemamhaghighi_a,Ali,Ali,Ehtemamhaghighi,Ehtemamhaghighi,,,,,,,false,,
88186,ebrahimidinani,Maryam,Maryam,Ebrahimi Dinani,Ebrahimi Dinani,,,,,,,false,,
88196,estadieu_l,Louisa,Louisa,Estadieu,Estadieu,,,,,,,false,,
88204,erismann_e,Eve,Eve,Erismann,Erismann,,,,,,,false,,
88225,eid_y,Yasser,Yasser,Eid,Eid,,,,,,,false,,
88553,egger_jb,Johann Baptist,Johann Baptist,Egger,Egger,,,,,,,false,,
88554,egli_w,Wilhelm,Wilhelm,Egli,Egli,,,,,,,false,,
88555,ehrsam_mt,Marie-Th{\'e}r{\`e}se,Marie-Thérèse,Ehrsam,Ehrsam,,,,,,,false,,
88556,eicher_c,Christian,Christian,Eicher,Eicher,,,,,,,false,,
88557,eicher_j,Jacques,Jacques,Eicher,Eicher,,,,,,,false,,
88558,eicher_p,Peter,Peter,Eicher,Eicher,,,,,,,false,,
88559,eid_l,Labib,Labib,Eid,Eid,,,,,,,false,,
88560,eid_ma,Maurice,Maurice,Eid,Eid,,,,,,,false,,
88561,eigenmann_a,Albert,Albert,Eigenmann,Eigenmann,,,,,,,false,,
88562,eiholzer_h,Hubert,Hubert,Eiholzer,Eiholzer,,,,,,,false,,
88563,elmadani_s,Selim,Selim,El Madani,El Madani,,,,,,,false,,
88564,elyammouni,Joseph Merhi,Joseph Merhi,El-Yammouni,El-Yammouni,,,,,,,false,,
88565,elganayny,Elsayd M.,Elsayd M.,Elganayny,Elganayny,,,,,,,false,,
88566,emery_y,Yannick,Yannick,Emery,Emery,,,,,,,false,,
88567,ender_uc,Ursula Claudia,Ursula Claudia,Ender,Ender,,,,,,,false,,
88568,endres_j,Joseph,Joseph,Endres,Endres,,,,,,,false,,
88569,engelhardt_p,Paulus,Paulus,Engelhardt,Engelhardt,,,,,,,false,,
88570,ertel_c,Christoph,Christoph,Ertel,Ertel,,,,,,,false,,
88571,evans_na,Nad{\`e}ge,Nadège,Evans,Evans,,,,,,,false,,
89248,ebneter_f,Federico,Federico,Ebneter,Ebneter,,,,,,,false,,
89360,elkoraini_z,Zouhir,Zouhir,El Koraini,El Koraini,,,,,,,false,,
89392,engstrand_r,Rolf,Rolf,Engstrand,Engstrand,,,,,,,false,,
89394,eidenbenz_m,Michael,Michael,Eidenbenz,Eidenbenz,,,,,,,false,,
